Player_Name,total_runs,out,numberofballs,average,strikerate,Batting_Hand,Bowling_Skill,Country,wickets,balls_bowled,matches,bowling_economy,bowling_avg,bowling_strike_rate,catches,stumpings,batting_elo,bowling_elo,overall_elo,cluster,role
V Kohli,5426,152,4111,35.69736842105263,131.98735100948676,Right_Hand,Right-arm medium,India,4.0,264.0,216,8.43,92.75,66.0,93.0,0.0,0.8461550721951492,0.27862863849249075,1562.39185534382,0,Pure Batsman
SK Raina,5386,160,3916,33.6625,137.53830439223697,Left_Hand,Right-arm offbreak,India,25.0,930.0,200,7.35,45.56,37.2,106.0,0.0,0.8431231453148819,0.36366219994439475,1603.3926726296384,0,Pure Batsman
RG Sharma,4902,161,3742,30.4472049689441,130.99946552645645,Right_Hand,Right-arm offbreak,India,15.0,349.0,221,7.94,30.8,23.27,96.0,0.0,0.7717982266620028,0.3228487568584037,1547.323491760203,0,Pure Batsman
DA Warner,4717,114,3292,41.37719298245614,143.28675577156744,Left_Hand,Legbreak,Australia,0.0,2.0,162,6.0,20000.0,20000.0,76.0,0.0,0.7701819314080439,0.2696577243293247,1519.9198278686843,0,Pure Batsman
S Dhawan,4601,137,3665,33.583941605839414,125.53888130968622,Left_Hand,Right-arm offbreak,India,4.0,49.0,205,8.82,18.0,12.25,93.0,0.0,0.7321626809519151,0.2769488905738969,1504.555785762906,0,Pure Batsman
CH Gayle,4525,110,2972,41.13636363636363,152.2543741588156,Left_Hand,Right-arm offbreak,West Indies,18.0,584.0,141,7.76,41.94,32.44,30.0,0.0,0.7523127286879806,0.3351044051773555,1543.708566932668,0,Pure Batsman
MS Dhoni,4450,118,3206,37.71186440677966,138.80224578914536,Right_Hand,Right-arm medium,India,0.0,0.0,205,0.0,0.0,0.0,135.0,39.0,0.7279839137674928,0.30000000000000004,1513.9919568837463,0,Pure Batsman
RV Uthappa,4420,156,3381,28.33333333333333,130.73055309080155,Right_Hand,Right-arm medium,India,0.0,0.0,197,0.0,0.0,0.0,92.0,32.0,0.706998883603448,0.30000000000000004,1503.499441801724,0,Pure Batsman
AB de Villiers,4414,104,2902,42.44230769230769,152.10199862164023,Right_Hand,Right-arm medium,South Africa,0.0,0.0,170,0.0,0.0,0.0,120.0,8.0,0.7393549145698446,0.30000000000000004,1519.6774572849222,0,Pure Batsman
G Gambhir,4219,134,3400,31.48507462686567,124.08823529411764,Left_Hand,Legbreak,India,0.0,0.0,151,0.0,0.0,0.0,28.0,0.0,0.6793358495456041,0.30000000000000004,1489.667924772802,0,Pure Batsman
AM Rahane,3834,117,3133,32.76923076923077,122.37472071496968,Right_Hand,Right-arm medium,India,1.0,6.0,148,5.0,5.0,6.0,63.0,0.0,0.6297560423113966,0.282084942347452,1455.9204923294244,0,Pure Batsman
KD Karthik,3669,138,2813,26.58695652173913,130.43014575186632,Right_Hand,None,India,0.0,0.0,207,0.0,0.0,0.0,133.0,34.0,0.6078886718755432,0.30000000000000004,1453.9443359377715,0,Pure Batsman
SR Watson,3590,115,2566,31.217391304347824,139.90646921278253,Right_Hand,Right-arm fast-medium,Australia,92.0,2137.0,145,7.7,29.8,23.23,38.0,0.0,0.6105399186134889,0.6184279670109138,1614.4839428122013,0,Pure Batsman
AT Rayudu,3313,114,2616,29.06140350877193,126.64373088685016,Right_Hand,Right-arm offbreak,India,0.0,0.0,173,0.0,0.0,0.0,62.0,2.0,0.561744393498517,0.30000000000000004,1430.8721967492586,0,Pure Batsman
YK Pathan,3222,110,2240,29.29090909090909,143.83928571428572,Right_Hand,Right-arm offbreak,India,42.0,1184.0,161,7.31,34.36,28.19,41.0,0.0,0.564021867687652,0.428865818370968,1496.44384302931,0,Pure Batsman
BB McCullum,2886,106,2185,27.22641509433962,132.08237986270024,Right_Hand,Right-arm medium,New Zealand,0.0,0.0,109,0.0,0.0,0.0,38.0,6.0,0.5089234785940034,0.30000000000000004,1404.4617392970017,0,Pure Batsman
PA Patel,2864,127,2352,22.551181102362204,121.7687074829932,Left_Hand,None,India,0.0,0.0,136,0.0,0.0,0.0,69.0,16.0,0.4925215882808642,0.30000000000000004,1396.2607941404322,0,Pure Batsman
MK Pandey,2855,95,2352,30.05263157894737,121.3860544217687,Right_Hand,Right-arm medium,India,0.0,0.0,148,0.0,0.0,0.0,78.0,0.0,0.49957876507415894,0.30000000000000004,1399.7893825370795,0,Pure Batsman
KA Pollard,2772,102,1879,27.176470588235293,147.52527940393827,Right_Hand,Right-arm medium-fast,West Indies,69.0,1586.0,179,8.32,31.88,22.99,97.0,0.0,0.5065140766486249,0.5277537302073064,1517.1339034279656,0,Pure Batsman
Yuvraj Singh,2755,109,2121,25.275229357798164,129.8915605846299,Left_Hand,Slow left-arm orthodox,India,36.0,882.0,129,7.42,30.31,24.5,29.0,0.0,0.4880534560740548,0.4054375995313993,1446.745527802727,0,Pure Batsman
V Sehwag,2728,98,1746,27.836734693877556,156.24284077892327,Right_Hand,Right-arm offbreak,India,6.0,138.0,104,10.26,39.33,23.0,34.0,0.0,0.5085620528498626,0.2783337559348509,1393.4479043923566,0,Pure Batsman
M Vijay,2589,93,2104,27.83870967741936,123.0513307984791,Right_Hand,Right-arm offbreak,India,0.0,37.0,105,7.95,490000.0,370000.0,48.0,0.0,0.46407891076469165,0.16117946345975948,1312.6291871122255,0,Pure Batsman
SE Marsh,2489,65,1866,38.292307692307695,133.38692390139337,Left_Hand,Slow left-arm orthodox,Australia,0.0,0.0,69,0.0,0.0,0.0,26.0,0.0,0.471325626130309,0.30000000000000004,1385.6628130651545,0,Pure Batsman
JH Kallis,2427,89,2219,27.269662921348317,109.37359170797656,Right_Hand,Right-arm fast-medium,South Africa,65.0,1799.0,98,7.83,36.12,27.68,30.0,0.0,0.43159070206390576,0.5145827164141682,1473.086709239037,0,Pure Batsman
DR Smith,2385,81,1758,29.444444444444443,135.6655290102389,Right_Hand,Right-arm medium,West Indies,26.0,557.0,91,8.89,31.73,21.42,41.0,0.0,0.44967723848219915,0.3607946269356951,1405.235932708947,0,Pure Batsman
SR Tendulkar,2334,71,1943,32.87323943661972,120.12352032938752,Right_Hand,Right-arm offbreak,India,0.0,37.0,78,9.57,590000.0,370000.0,23.0,0.0,0.4345605571204737,0.13285938945420905,1283.7099732873414,0,Pure Batsman
SV Samson,2215,79,1693,28.037974683544306,130.8328411104548,Right_Hand,None,India,0.0,0.0,133,0.0,0.0,0.0,73.0,12.0,0.42228138586144615,0.30000000000000004,1361.1406929307232,0,Pure Batsman
R Dravid,2174,77,1877,28.233766233766232,115.8231220031966,Right_Hand,Right-arm offbreak,India,0.0,0.0,82,0.0,0.0,0.0,18.0,0.0,0.4052067533879206,0.30000000000000004,1352.6033766939604,0,Pure Batsman
AC Gilchrist,2069,76,1492,27.223684210526315,138.67292225201072,Left_Hand,Right-arm offbreak,Australia,1.0,1.0,80,0.0,0.0,1.0,51.0,16.0,0.4087928829475213,0.3038251366120219,1356.3090097797717,0,Pure Batsman
SPD Smith,2038,59,1570,34.54237288135593,129.80891719745222,Right_Hand,Legbreak googly,India,0.0,2.0,93,15.0,50000.0,20000.0,54.0,0.0,0.4060191077665729,0.22414431082331174,1315.0817092949424,0,Pure Batsman
JP Duminy,2031,49,1633,41.44897959183673,124.37232088181264,Left_Hand,Right-arm offbreak,South Africa,23.0,701.0,79,7.25,36.83,30.48,30.0,0.0,0.408615188086617,0.3564485667758552,1382.5318774312361,0,Pure Batsman
KL Rahul,1988,49,1428,40.57142857142857,139.2156862745098,Right_Hand,None,India,0.0,0.0,99,0.0,0.0,0.0,59.0,5.0,0.41394529879103065,0.30000000000000004,1356.9726493955154,0,Pure Batsman
MEK Hussey,1977,52,1608,38.01923076923077,122.94776119402984,Left_Hand,Right-arm medium,Australia,0.0,0.0,58,0.0,0.0,0.0,26.0,0.0,0.3966116406967223,0.30000000000000004,1348.305820348361,0,Pure Batsman
RA Jadeja,1931,83,1567,23.26506024096385,123.22910019144864,Left_Hand,Slow left-arm orthodox,India,132.0,3262.0,202,7.57,31.17,24.71,84.0,0.0,0.37413621904742844,0.7719983573937307,1573.0672882205795,1,Pure Bowler
F du Plessis,1861,56,1459,33.232142857142854,127.553118574366,Right_Hand,Legbreak,South Africa,0.0,6.0,109,16.0,160000.0,60000.0,71.0,0.0,0.37989107056042287,0.1963922294172063,1288.1416499888146,0,Pure Batsman
DA Miller,1858,54,1327,34.407407407407405,140.01507159005274,Left_Hand,Right-arm offbreak,South Africa,0.0,0.0,101,0.0,0.0,0.0,64.0,0.0,0.3908091354379003,0.30000000000000004,1345.4045677189501,0,Pure Batsman
DPMD Jayawardene,1808,64,1460,28.25,123.83561643835615,Right_Hand,Right-arm medium,Sri Lanka,0.0,0.0,78,0.0,0.0,0.0,33.0,0.0,0.364418093559491,0.30000000000000004,1332.2090467797454,0,Pure Batsman
WP Saha,1767,74,1340,23.87837837837838,131.86567164179104,Right_Hand,None,India,0.0,0.0,117,0.0,0.0,0.0,79.0,22.0,0.3605850382937886,0.30000000000000004,1330.2925191468944,0,Pure Batsman
RR Pant,1767,49,1071,36.06122448979592,164.9859943977591,Left_Hand,None,India,0.0,0.0,97,0.0,0.0,0.0,64.0,18.0,0.400925439806992,0.30000000000000004,1350.462719903496,0,Pure Batsman
AJ Finch,1741,66,1332,26.37878787878788,130.7057057057057,Right_Hand,Slow left-arm orthodox,Australia,1.0,44.0,90,9.14,66.99,44.0,29.0,0.0,0.35914421955700476,0.2640717529857499,1311.6079862713773,0,Pure Batsman
MK Tiwary,1696,60,1446,28.266666666666666,117.28907330567084,Right_Hand,Legbreak googly,India,1.0,45.0,85,11.07,82.99,45.0,47.0,0.0,0.3447508489448863,0.25567704438260463,1300.2139466637454,0,Pure Batsman
SS Iyer,1695,57,1321,29.73684210526316,128.3118849356548,Right_Hand,Legbreak googly,India,0.0,6.0,100,7.0,70000.0,60000.0,39.0,0.0,0.3551107436786695,0.25467160037002773,1304.8911720243486,0,Pure Batsman
KC Sangakkara,1687,69,1387,24.44927536231884,121.62941600576784,Left_Hand,Right-arm offbreak,Sri Lanka,0.0,0.0,68,0.0,0.0,0.0,45.0,9.0,0.34272410214163257,0.30000000000000004,1321.3620510708163,0,Pure Batsman
NV Ojha,1555,74,1308,21.013513513513512,118.88379204892968,Right_Hand,None,India,0.0,0.0,94,0.0,0.0,0.0,65.0,10.0,0.3195942090915791,0.30000000000000004,1309.7971045457896,0,Pure Batsman
Mandeep Singh,1535,71,1227,21.61971830985916,125.10187449062757,Right_Hand,Right-arm medium,India,0.0,12.0,94,13.0,260000.0,120000.0,38.0,0.0,0.3226773745776945,0.188159111933395,1255.4182432555447,0,Pure Batsman
DJ Bravo,1494,63,1155,23.714285714285715,129.35064935064935,Right_Hand,Right-arm medium-fast,West Indies,183.0,3296.0,160,8.08,24.24,18.01,69.0,0.0,0.3231672371123164,0.9648644077705827,1644.0158224414495,1,Pure Bowler
Q de Kock,1478,46,1109,32.130434782608695,133.27321911632103,Left_Hand,None,South Africa,0.0,0.0,92,0.0,0.0,0.0,65.0,15.0,0.3338049630411122,0.30000000000000004,1316.9024815205562,0,Pure Batsman
KK Nair,1465,61,1137,24.016393442622952,128.84784520668427,Right_Hand,Right-arm offbreak,India,0.0,0.0,68,0.0,0.0,0.0,26.0,0.0,0.31936705218059225,0.30000000000000004,1309.6835260902963,0,Pure Batsman
S Badrinath,1441,48,1210,30.02083333333333,119.0909090909091,Right_Hand,Right-arm offbreak,India,0.0,0.0,65,0.0,0.0,0.0,16.0,0.0,0.3152885269717075,0.30000000000000004,1307.6442634858538,0,Pure Batsman
AD Russell,1415,41,752,34.51219512195122,188.16489361702128,Right_Hand,Right-arm fast,West Indies,89.0,1484.0,95,8.95,24.88,16.67,23.0,0.0,0.37229731438673674,0.6015188213746632,1486.9080678807,1,Pure Bowler
GJ Maxwell,1401,62,864,22.596774193548388,162.15277777777777,Right_Hand,Right-arm offbreak,Australia,28.0,803.0,109,8.12,38.82,28.68,40.0,0.0,0.33614125197253925,0.37179121773605694,1353.9662348542981,0,Pure Batsman
BJ Hodge,1400,46,1117,30.43478260869565,125.33572068039392,Right_Hand,Right-arm offbreak,Australia,17.0,238.0,63,7.82,18.24,14.0,22.0,0.0,0.31546542556141766,0.3310234415533078,1323.2444335573628,0,Pure Batsman
JC Buttler,1396,37,919,37.729729729729726,151.90424374319912,Right_Hand,None,England,0.0,0.0,81,0.0,0.0,0.0,43.0,1.0,0.3444939227384007,0.30000000000000004,1322.2469613692003,0,Pure Batsman
SC Ganguly,1349,54,1261,24.98148148148148,106.9785884218874,Left_Hand,Right-arm medium,India,10.0,280.0,57,7.93,37.0,28.0,22.0,0.0,0.2880033542928074,0.30376523291022783,1295.8842936015176,2,All-Rounder
DJ Hussey,1322,48,1069,27.541666666666668,123.666978484565,Right_Hand,Right-arm offbreak,Australia,8.0,323.0,61,9.01,60.62,40.37,25.0,0.0,0.3007801387918518,0.2914142819803562,1296.097210386104,0,Pure Batsman
KS Williamson,1309,34,964,38.5,135.7883817427386,Right_Hand,Right-arm offbreak,New Zealand,0.0,18.0,74,10.33,310000.0,180000.0,39.0,0.0,0.32125280270344264,0.1891295097132285,1255.1911562083355,0,Pure Batsman
CA Lynn,1288,37,909,34.810810810810814,141.6941694169417,Right_Hand,Slow left-arm orthodox,Australia,0.0,0.0,42,0.0,0.0,0.0,12.0,0.0,0.31907599436884543,0.30000000000000004,1309.5379971844227,0,Pure Batsman
SS Tiwary,1276,42,1064,30.38095238095238,119.9248120300752,Left_Hand,None,India,0.0,0.0,73,0.0,0.0,0.0,25.0,0.0,0.2950784766930226,0.30000000000000004,1297.5392383465114,2,All-Rounder
MA Agarwal,1269,67,988,18.94029850746269,128.4412955465587,Right_Hand,None,India,0.0,0.0,107,0.0,0.0,0.0,51.0,0.0,0.28798786112425323,0.30000000000000004,1293.9939305621267,2,All-Rounder
TM Dilshan,1153,41,1006,28.121951219512194,114.61232604373755,Right_Hand,Right-arm offbreak,Sri Lanka,5.0,275.0,50,8.03,73.6,55.0,21.0,0.0,0.27239339837249327,0.28419698000738036,1278.2951891899368,2,All-Rounder
IK Pathan,1150,52,948,22.115384615384617,121.30801687763712,Left_Hand,Left-arm medium-fast,India,80.0,2113.0,102,7.7,33.89,26.41,28.0,0.0,0.2705372817381862,0.5725254574538855,1421.5313695960358,1,Pure Bowler
ML Hayden,1107,27,802,41.0,138.0299251870324,Left_Hand,Right-arm medium,Australia,0.0,0.0,32,0.0,0.0,0.0,11.0,0.0,0.29982723405439426,0.30000000000000004,1299.9136170271972,0,Pure Batsman
N Rana,1093,40,808,27.325,135.27227722772278,Left_Hand,Right-arm offbreak,India,7.0,131.0,87,8.15,25.43,18.71,21.0,0.0,0.2802752242718743,0.29133576303715947,1285.8054936545168,2,All-Rounder
KM Jadhav,1087,46,851,23.630434782608692,127.73207990599296,Right_Hand,Right-arm offbreak,India,0.0,0.0,80,0.0,0.0,0.0,30.0,7.0,0.26927064598307326,0.30000000000000004,1284.6353229915367,2,All-Rounder
HH Pandya,1082,38,689,28.473684210526315,157.03918722786648,Right_Hand,Right-arm medium-fast,India,50.0,1103.0,105,8.52,31.32,22.06,52.0,0.0,0.29757498198379684,0.45420668851043616,1375.8908352471165,0,Pure Batsman
LMP Simmons,1079,27,851,39.96296296296296,126.79200940070506,Right_Hand,Right-arm medium-fast,West Indies,1.0,18.0,29,11.33,34.0,18.0,10.0,0.0,0.2860462128712822,0.2545570330042513,1270.3016229377668,2,All-Rounder
LRPL Taylor,1017,41,818,24.804878048780488,124.3276283618582,Right_Hand,Right-arm offbreak,New Zealand,0.0,13.0,54,11.08,240000.0,130000.0,18.0,0.0,0.2588510859294178,0.2007622571692877,1229.8066715493528,2,All-Rounder
M Vohra,1013,42,767,24.11904761904762,132.07301173402868,Right_Hand,Right-arm medium,India,0.0,0.0,50,0.0,0.0,0.0,13.0,0.0,0.26375200595529424,0.30000000000000004,1281.8760029776472,2,All-Rounder
KP Pietersen,1001,28,740,35.75,135.2702702702703,Right_Hand,Right-arm offbreak,South Africa,7.0,180.0,36,7.27,31.14,25.71,12.0,0.0,0.27797870239387934,0.2951606351000642,1286.5696687469717,2,All-Rounder
AS Yadav,995,35,746,28.428571428571427,133.37801608579088,Right_Hand,None,Unknown,0.0,0.0,6,0.0,0.0,0.0,1.0,0.0,0.26737104298529085,0.30000000000000004,1283.6855214926454,2,All-Rounder
Y Venugopal Rao,985,42,834,23.452380952380956,118.10551558752998,Right_Hand,Right-arm offbreak,India,6.0,222.0,57,9.14,56.33,37.0,13.0,0.0,0.2482081959049206,0.28319970413096557,1265.703950017943,2,All-Rounder
JA Morkel,975,40,682,24.375,142.96187683284458,Left_Hand,Right-arm medium-fast,South Africa,85.0,1807.0,90,8.0,28.34,21.26,17.0,0.0,0.26785163086010333,0.5903479735389716,1429.0998021995374,1,Pure Bowler
A Symonds,974,26,748,37.46153846153846,130.2139037433155,Right_Hand,Right-arm offbreak,Australia,20.0,540.0,36,7.71,34.7,27.0,20.0,0.0,0.2723953103443466,0.34297361013127897,1307.6844602378128,2,All-Rounder
CL White,971,35,760,27.742857142857144,127.76315789473684,Right_Hand,Legbreak googly,Australia,1.0,46.0,45,11.22,85.99,46.0,22.0,0.0,0.2590037321884277,0.25502423217168885,1257.0139821800583,2,All-Rounder
MC Henriques,969,35,756,27.685714285714287,128.1746031746032,Right_Hand,Right-arm fast-medium,Australia,42.0,979.0,62,7.98,31.0,23.31,29.0,0.0,0.25900993639198583,0.4259534897863242,1342.481713089155,2,All-Rounder
KH Pandya,897,32,609,28.03125,147.29064039408868,Left_Hand,Slow left-arm orthodox,India,61.0,1725.0,98,7.19,33.87,28.28,30.0,0.0,0.26540680999395605,0.5020652573851372,1383.7360336895467,1,Pure Bowler
HH Gibbs,886,32,802,27.6875,110.47381546134662,Right_Hand,Right-arm bowler,South Africa,0.0,0.0,36,0.0,0.0,0.0,22.0,0.0,0.23414363179306283,0.30000000000000004,1267.0718158965315,2,All-Rounder
STR Binny,880,44,683,20.0,128.84333821376282,Right_Hand,Right-arm medium,India,22.0,611.0,86,7.49,34.68,27.77,19.0,0.0,0.23932940367425054,0.3515804093497723,1295.4549065120113,2,All-Rounder
EJG Morgan,854,38,702,22.473684210526315,121.65242165242164,Left_Hand,Right-arm medium,England,0.0,0.0,74,0.0,0.0,0.0,36.0,0.0,0.23303345478966755,0.30000000000000004,1266.5167273948337,2,All-Rounder
Harbhajan Singh,831,56,597,14.839285714285714,139.19597989949747,Right_Hand,Right-arm offbreak,India,150.0,3496.0,163,7.04,27.34,23.31,38.0,0.0,0.23542565356359202,0.8431559791298282,1539.29081634671,1,Pure Bowler
AR Patel,800,43,628,18.6046511627907,127.38853503184713,Left_Hand,Slow left-arm orthodox,India,101.0,2599.0,122,7.25,31.09,25.73,51.0,0.0,0.22625925923407403,0.6548104437901557,1440.534851512115,1,Pure Bowler
MS Bisla,798,37,697,21.56756756756757,114.4906743185079,Right_Hand,None,India,0.0,0.0,39,0.0,0.0,0.0,20.0,7.0,0.21904990416797643,0.30000000000000004,1259.5249520839882,2,All-Rounder
SP Narine,785,40,458,19.625,171.39737991266375,Left_Hand,Right-arm offbreak,West Indies,152.0,3516.0,148,6.67,25.7,23.13,16.0,0.0,0.2606906952882384,0.8524152969422161,1556.5529961152272,1,Pure Bowler
ST Jayasuriya,768,29,531,26.48275862068965,144.63276836158192,Left_Hand,Slow left-arm orthodox,Sri Lanka,13.0,301.0,30,7.89,30.46,23.15,4.0,0.0,0.24487876944998457,0.31541594727913336,1280.1473583645588,2,All-Rounder
RA Tripathi,761,27,553,28.185185185185187,137.6130198915009,Right_Hand,Right-arm medium,Unknown,0.0,6.0,74,12.0,120000.0,60000.0,29.0,0.0,0.24029448697149222,0.22229417206290475,1231.2943295171985,2,All-Rounder
Shakib Al Hasan,750,34,588,22.058823529411764,127.55102040816328,Left_Hand,Slow left-arm orthodox,Bangladesh,63.0,1515.0,71,7.38,29.59,24.05,13.0,0.0,0.2238640195212891,0.5088903542909571,1366.3771869061231,1,Pure Bowler
GC Smith,739,30,666,24.633333333333333,110.96096096096096,Left_Hand,Right-arm offbreak,South Africa,0.0,0.0,29,0.0,0.0,0.0,7.0,0.0,0.21209845803146574,0.30000000000000004,1256.0492290157329,2,All-Rounder
AD Mathews,724,31,573,23.35483870967742,126.3525305410122,Right_Hand,Right-arm fast-medium,Sri Lanka,27.0,807.0,46,8.14,40.56,29.89,19.0,0.0,0.22102375173039834,0.36787875438953005,1294.4512530599643,2,All-Rounder
Ishan Kishan,701,31,531,22.61290322580645,132.015065913371,Left_Hand,None,India,0.0,0.0,70,0.0,0.0,0.0,33.0,2.0,0.2217434765367874,0.30000000000000004,1260.8717382683938,2,All-Rounder
TL Suman,676,30,573,22.53333333333333,117.97556719022688,Right_Hand,Right-arm offbreak,India,6.0,152.0,40,7.82,33.0,25.33,10.0,0.0,0.2071962452834172,0.2889437983955354,1248.0700218394763,2,All-Rounder
AM Nayar,672,39,574,17.23076923076923,117.07317073170732,Left_Hand,Right-arm medium,India,9.0,239.0,51,8.11,35.89,26.56,13.0,0.0,0.19993265318016068,0.29915772377276656,1249.5451884764636,2,All-Rounder
GJ Bailey,663,29,543,22.86206896551724,122.09944751381217,Right_Hand,Right-arm medium,Australia,0.0,0.0,36,0.0,0.0,0.0,12.0,0.0,0.2091918025505767,0.30000000000000004,1254.5959012752883,2,All-Rounder
BA Stokes,641,30,481,21.366666666666667,133.26403326403326,Left_Hand,Right-arm fast-medium,Unknown,28.0,717.0,43,8.41,35.89,25.61,21.0,0.0,0.21358596384720605,0.3705309715750949,1292.0584677111506,2,All-Rounder
SA Yadav,608,29,465,20.96551724137931,130.752688172043,Right_Hand,Right-arm offbreak,India,0.0,6.0,109,8.0,80000.0,60000.0,58.0,0.0,0.2068637563898703,0.24819611470860314,1227.5299355492368,2,All-Rounder
JD Ryder,604,29,456,20.82758620689655,132.45614035087718,Left_Hand,Right-arm medium,New Zealand,8.0,241.0,29,7.82,39.25,30.12,10.0,0.0,0.20755374441022556,0.2965927418323451,1252.0732431212853,2,All-Rounder
PP Chawla,584,50,519,11.68,112.52408477842005,Left_Hand,Legbreak,India,157.0,3309.0,165,7.92,27.82,21.08,35.0,0.0,0.17863294607224178,0.8661057463297999,1522.3693462010208,1,Pure Bowler
HM Amla,577,13,407,44.38461538461539,141.76904176904176,Right_Hand,Right-arm offbreak,South Africa,0.0,0.0,16,0.0,0.0,0.0,0.0,0.0,0.23829018798517507,0.30000000000000004,1269.1450939925876,2,All-Rounder
V Shankar,563,17,416,33.11764705882353,135.33653846153845,Right_Hand,Right-arm medium,India,9.0,258.0,47,8.0,38.22,28.67,27.0,0.0,0.2185346935538822,0.2996354888976509,1259.0850912257665,2,All-Rounder
CJ Anderson,538,22,423,24.454545454545453,127.18676122931444,Left_Hand,Left-arm medium-fast,New Zealand,11.0,315.0,30,10.0,47.73,28.64,11.0,0.0,0.19894522618437882,0.2985880865435263,1248.7666563639525,2,All-Rounder
RS Bopara,531,19,452,27.94736842105263,117.47787610619469,Right_Hand,Right-arm medium,England,11.0,213.0,24,8.48,27.36,19.36,4.0,0.0,0.1942441757493778,0.3052011162382534,1249.7226459938156,2,All-Rounder
JP Faulkner,527,28,387,18.821428571428573,136.17571059431523,Right_Hand,Left-arm fast-medium,Australia,61.0,1287.0,60,8.62,30.31,21.1,16.0,0.0,0.19831602323631978,0.4958486235275979,1347.0823233819588,1,Pure Bowler
DJ Hooda,526,33,413,15.93939393939394,127.36077481840194,Right_Hand,Right-arm offbreak,India,10.0,359.0,80,8.44,50.5,35.9,42.0,0.0,0.18786002678330438,0.3015449692654545,1244.7024980243793,2,All-Rounder
CH Morris,519,20,327,25.95,158.71559633027522,Right_Hand,Right-arm fast-medium,South Africa,96.0,1801.0,81,7.92,24.76,18.76,36.0,0.0,0.2234165133541374,0.6327730640602963,1428.0947887072168,1,Pure Bowler
M Manhas,514,24,469,21.416666666666668,109.5948827292111,Right_Hand,Right-arm offbreak,India,0.0,42.0,38,6.0,420000.0,420000.0,20.0,0.0,0.17832338493327116,0.1845513413506013,1181.4373631419362,2,All-Rounder
OA Shah,506,13,386,38.92307692307692,131.0880829015544,Right_Hand,Right-arm offbreak,England,0.0,0.0,22,0.0,0.0,0.0,7.0,0.0,0.2143795252681941,0.30000000000000004,1257.1897626340972,2,All-Rounder
PC Valthaty,505,22,415,22.954545454545453,121.6867469879518,Right_Hand,Right-arm medium,India,7.0,153.0,23,8.12,29.57,21.86,3.0,0.0,0.18858338957264448,0.29146531696870437,1240.0243532706745,2,All-Rounder
MP Stoinis,476,15,362,31.73333333333333,131.49171270718233,Right_Hand,Right-arm medium,Australia,34.0,675.0,67,9.53,31.53,19.85,16.0,0.0,0.2026620116115344,0.3886131536894093,1295.6375826504718,2,All-Rounder
DT Christian,448,24,373,18.666666666666668,120.10723860589812,Right_Hand,Right-arm fast-medium,Australia,38.0,922.0,49,7.93,32.05,24.26,28.0,0.0,0.1750937101064232,0.4108701112383293,1292.9819106723762,2,All-Rounder
Gurkeerat Singh,443,26,342,17.03846153846154,129.53216374269005,Right_Hand,Right-arm offbreak,India,5.0,82.0,32,7.1,19.4,16.4,20.0,1.0,0.18013837472712385,0.2882519901831435,1234.1951824551336,2,All-Rounder
E Lewis,437,16,327,27.3125,133.63914373088684,Left_Hand,None,Unknown,0.0,0.0,26,0.0,0.0,0.0,9.0,0.0,0.19432495155777518,0.30000000000000004,1247.1624757788877,2,All-Rounder
NLTC Perera,424,24,305,17.666666666666668,139.01639344262296,Left_Hand,Right-arm medium-fast,Sri Lanka,31.0,715.0,37,8.65,33.26,23.06,13.0,0.0,0.18598846687464032,0.380963462724759,1283.4759647996998,2,All-Rounder
SA Asnodkar,423,19,339,22.26315789473684,124.7787610619469,Right_Hand,Right-arm offbreak,India,0.0,0.0,19,0.0,0.0,0.0,6.0,0.0,0.17969263797884288,0.30000000000000004,1239.8463189894214,2,All-Rounder
JR Hopes,417,17,305,24.529411764705884,136.72131147540983,Right_Hand,Right-arm medium,Australia,14.0,369.0,20,9.14,40.14,26.36,5.0,0.0,0.19104791593201464,0.3138042417079915,1252.426078820003,2,All-Rounder
SN Khan,412,18,285,22.88888888888889,144.56140350877197,Right_Hand,Legbreak,India,0.0,2.0,32,18.0,60000.0,20000.0,8.0,0.0,0.19481071662950342,0.20897317298797413,1201.8919448087388,2,All-Rounder
J Botha,409,22,358,18.59090909090909,114.24581005586592,Right_Hand,Right-arm offbreak,South Africa,25.0,709.0,34,6.92,32.72,28.36,16.0,0.0,0.1652871484818289,0.3655344970766797,1265.4108227792544,2,All-Rounder
LR Shukla,405,29,346,13.96551724137931,117.0520231213873,Right_Hand,Right-arm medium,India,15.0,326.0,43,8.43,30.53,21.73,15.0,0.0,0.16175995792170775,0.32071837952260357,1241.2391687221557,2,All-Rounder
AL Menaria,401,22,356,18.227272727272727,112.64044943820224,Left_Hand,Slow left-arm orthodox,India,3.0,113.0,25,7.65,48.0,37.67,4.0,0.0,0.16255756902560237,0.27820432750489077,1220.3809482652466,2,All-Rounder
MV Boucher,394,15,308,26.266666666666666,127.92207792207792,Right_Hand,Right-arm medium,South Africa,0.0,0.0,23,0.0,0.0,0.0,14.0,3.0,0.18301548739993265,0.30000000000000004,1241.5077436999663,2,All-Rounder
CA Pujara,390,18,391,21.666666666666668,99.74424552429667,Right_Hand,Legbreak,India,0.0,0.0,22,0.0,0.0,0.0,6.0,0.0,0.1547299148436351,0.30000000000000004,1227.3649574218175,2,All-Rounder
Azhar Mahmood,388,19,302,20.42105263157895,128.47682119205297,Right_Hand,Right-arm fast-medium,Pakistan,29.0,552.0,23,7.68,24.38,19.03,7.0,0.0,0.17604248792802232,0.3775324701667653,1276.7874790473938,2,All-Rounder
R Ashwin,376,33,336,11.393939393939394,111.90476190476193,Right_Hand,Right-arm offbreak,India,157.0,4024.0,181,6.85,29.27,25.63,36.0,0.0,0.15097865554119955,0.8707576117322049,1510.8681336367022,1,Pure Bowler
DB Ravi Teja,375,20,317,18.75,118.29652996845424,Right_Hand,Legbreak googly,India,1.0,18.0,25,9.33,28.0,18.0,11.0,0.0,0.16432222129406776,0.26325396177390903,1213.7880915339883,2,All-Rounder
S Sohal,368,18,290,20.444444444444443,126.89655172413794,Right_Hand,Legbreak,India,0.0,0.0,20,0.0,0.0,0.0,2.0,0.0,0.17222468440522004,0.30000000000000004,1236.11234220261,2,All-Rounder
A Mishra,366,29,385,12.620689655172416,95.06493506493506,Right_Hand,Legbreak,India,166.0,3317.0,154,7.28,24.23,19.98,18.0,0.0,0.1376107436801032,0.903315348363436,1520.4630460217695,1,Pure Bowler
P Negi,365,26,288,14.038461538461538,126.73611111111111,Left_Hand,Slow left-arm orthodox,India,34.0,733.0,46,7.81,28.06,21.56,16.0,0.0,0.16442978045217263,0.3960921528568468,1280.2609666545097,2,All-Rounder
R Bhatia,342,29,284,11.79310344827586,120.4225352112676,Right_Hand,Right-arm medium-fast,India,71.0,1661.0,94,7.44,29.0,23.39,23.0,0.0,0.15386018146089675,0.5392307031538294,1346.545442307363,1,Pure Bowler
P Kumar,340,34,314,10.0,108.28025477707006,Right_Hand,Right-arm medium,India,90.0,2637.0,119,7.6,37.13,29.3,13.0,0.0,0.14185072260327986,0.6112109168210976,1376.5308197121888,1,Pure Bowler
AP Tare,339,24,273,14.125,124.17582417582418,Right_Hand,None,India,0.0,0.0,27,0.0,0.0,0.0,3.0,6.0,0.15912566964458322,0.30000000000000004,1229.5628348222917,2,All-Rounder
SW Billings,337,19,250,17.736842105263158,134.8,Right_Hand,None,England,0.0,0.0,27,0.0,0.0,0.0,19.0,1.0,0.1714713593772321,0.30000000000000004,1235.735679688616,2,All-Rounder
JEC Franklin,327,11,300,29.727272727272727,109.0,Left_Hand,Left-arm medium,New Zealand,9.0,155.0,19,8.71,25.0,17.22,6.0,0.0,0.16316676394342514,0.29655134514186926,1229.8590545426473,2,All-Rounder
RN ten Doeschate,326,17,234,19.176470588235293,139.31623931623932,Right_Hand,Right-arm medium-fast,Netherlands,2.0,83.0,23,6.8,47.0,41.5,7.0,0.0,0.17530119903344682,0.2780750558327394,1226.688127433093,2,All-Rounder
KV Sharma,317,21,270,15.095238095238097,117.4074074074074,Left_Hand,Legbreak googly,India,59.0,1239.0,67,7.97,27.88,21.0,12.0,0.0,0.1519752930104939,0.49102495428135257,1321.5001236459232,1,Pure Bowler
R Vinay Kumar,310,26,271,11.923076923076923,114.39114391143912,Right_Hand,Right-arm medium,India,105.0,2186.0,104,8.35,28.96,20.82,32.0,0.0,0.14505449426509093,0.6653288347340804,1405.1916644995856,1,Pure Bowler
DB Das,304,12,260,25.33333333333333,116.92307692307692,Right_Hand,Legbreak googly,India,0.0,0.0,22,0.0,0.0,0.0,7.0,0.0,0.1615449175471291,0.30000000000000004,1230.7724587735645,2,All-Rounder
C de Grandhomme,304,15,223,20.266666666666666,136.32286995515693,Right_Hand,Legbreak,Unknown,6.0,230.0,25,8.43,53.83,38.33,6.0,0.0,0.17130717621521738,0.2862871925675983,1228.7971843914079,2,All-Rounder
LA Pomersbach,302,11,244,27.454545454545453,123.77049180327867,Left_Hand,Right-arm medium,Australia,0.0,0.0,16,0.0,0.0,0.0,8.0,0.0,0.16917530081544982,0.30000000000000004,1234.587650407725,2,All-Rounder
UBT Chand,300,20,300,15.0,100.0,Right_Hand,Right-arm offbreak,India,0.0,0.0,20,0.0,0.0,0.0,9.0,0.0,0.1357479978554435,0.30000000000000004,1217.8739989277217,2,All-Rounder
SP Goswami,295,18,290,16.38888888888889,101.72413793103448,Left_Hand,None,India,0.0,0.0,21,0.0,0.0,0.0,18.0,7.0,0.1380605486400541,0.30000000000000004,1219.030274320027,2,All-Rounder
DJG Sammy,295,15,241,19.666666666666668,122.40663900414938,Right_Hand,Right-arm medium-fast,West Indies,11.0,244.0,22,8.7,32.18,22.18,9.0,0.0,0.1583312969732935,0.30424356896720806,1231.2874329702508,2,All-Rounder
Y Nagar,285,15,257,19.0,110.89494163424123,Right_Hand,Right-arm offbreak,India,4.0,72.0,20,10.42,31.25,18.0,7.0,0.0,0.1470742785427916,0.2699895496858303,1208.531914114311,2,All-Rounder
VVS Laxman,282,16,266,17.625,106.01503759398496,Right_Hand,Right-arm offbreak,India,0.0,0.0,20,0.0,0.0,0.0,4.0,0.0,0.14122082987748666,0.30000000000000004,1220.6104149387434,2,All-Rounder
GH Vihari,280,18,312,15.555555555555555,89.74358974358975,Right_Hand,Right-arm offbreak,India,1.0,43.0,23,6.7,48.0,43.0,6.0,0.0,0.12559401322762914,0.2746844890634557,1200.1392511455424,2,All-Rounder
A Ashish Reddy,280,15,191,18.666666666666668,146.59685863874344,Right_Hand,Right-arm medium,India,18.0,270.0,28,8.89,22.22,15.0,8.0,0.0,0.17461198187910565,0.33019555744377554,1252.4037696614407,2,All-Rounder
B Chipli,280,16,250,17.5,112.0,Right_Hand,Right-arm medium,India,0.0,6.0,21,20.0,200000.0,60000.0,4.0,0.0,0.14560873739235333,0.17049028677150788,1158.0495120819305,2,All-Rounder
MJ Lumb,278,10,193,27.8,144.04145077720207,Left_Hand,Right-arm medium,England,0.0,0.0,12,0.0,0.0,0.0,5.0,0.0,0.1826884265132605,0.30000000000000004,1241.3442132566302,2,All-Rounder
MJ Guptill,271,12,196,22.58333333333333,138.26530612244898,Right_Hand,Right-arm offbreak,New Zealand,0.0,0.0,13,0.0,0.0,0.0,7.0,0.0,0.171236421142528,0.30000000000000004,1235.618210571264,2,All-Rounder
R Sathish,270,16,231,16.875,116.88311688311688,Right_Hand,Right-arm medium,India,3.0,144.0,27,9.71,77.66,48.0,8.0,0.0,0.14751491884911994,0.2692414951274624,1208.3782069882911,2,All-Rounder
M Kaif,259,16,249,16.1875,104.01606425702812,Right_Hand,Right-arm offbreak,India,0.0,0.0,22,0.0,0.0,0.0,16.0,0.0,0.13502093349354932,0.30000000000000004,1217.5104667467747,2,All-Rounder
SM Katich,241,10,184,24.1,130.97826086956522,Left_Hand,Slow left-arm chinaman,Australia,0.0,0.0,11,0.0,0.0,0.0,2.0,0.0,0.1632600154577069,0.30000000000000004,1231.6300077288536,2,All-Rounder
BCJ Cutting,239,11,141,21.727272727272727,169.50354609929076,Right_Hand,Right-arm fast-medium,Australia,10.0,288.0,21,8.96,43.0,28.8,10.0,0.0,0.1911259456943519,0.2992856954449179,1245.2058205696349,2,All-Rounder
MD Mishra,237,15,208,15.8,113.9423076923077,Right_Hand,Right-arm offbreak,India,0.0,0.0,17,0.0,0.0,0.0,1.0,0.0,0.13968340082328287,0.30000000000000004,1219.8417004116416,2,All-Rounder
MR Marsh,225,12,196,18.75,114.79591836734696,Right_Hand,Right-arm medium,Australia,24.0,407.0,29,7.78,22.0,16.96,7.0,0.0,0.14217046035818745,0.357972510880939,1250.0714856195632,2,All-Rounder
K Goel,218,13,230,16.76923076923077,94.78260869565216,Left_Hand,Right-arm offbreak,India,0.0,67.0,16,8.42,940000.0,670000.0,9.0,0.0,0.12300587915105776,0.0633913043478261,1093.198591749442,2,All-Rounder
AA Jhunjhunwala,217,14,210,15.5,103.33333333333334,Right_Hand,Right-arm offbreak,India,1.0,88.0,18,8.86,129.99,87.99,10.0,0.0,0.12827514269119505,0.2652757400347786,1196.7754413629868,2,All-Rounder
TM Head,205,6,148,34.166666666666664,138.51351351351352,Left_Hand,Right-arm offbreak,Australia,2.0,48.0,10,10.12,40.5,24.0,3.0,0.0,0.17608330631506083,0.26364165620276714,1219.862481258914,2,All-Rounder
PD Collingwood,203,4,156,50.75,130.12820512820514,Right_Hand,Right-arm medium,England,5.0,90.0,7,6.73,20.2,18.0,3.0,0.0,0.18796173962111118,0.2898605156225515,1238.9111276218314,2,All-Rounder
SK Warne,198,19,213,10.421052631578949,92.95774647887325,Right_Hand,Legbreak googly,Australia,57.0,1223.0,55,7.19,25.7,21.46,11.0,0.0,0.11175198103084921,0.4867664492349222,1299.2592151328856,1,Pure Bowler
SP Fleming,196,9,165,21.77777777777778,118.7878787878788,Left_Hand,None,New Zealand,0.0,0.0,10,0.0,0.0,0.0,2.0,0.0,0.14506343940697056,0.30000000000000004,1222.5317197034854,2,All-Rounder
AS Raut,194,11,167,17.636363636363637,116.1676646706587,Right_Hand,Legbreak googly,India,0.0,30.0,17,9.0,450000.0,300000.0,10.0,0.0,0.1380030987243694,0.16512488436632747,1151.5639915453485,2,All-Rounder
BJ Rohrer,193,7,141,27.571428571428573,136.8794326241135,Left_Hand,Right-arm offbreak,Australia,0.0,7.0,8,10.29,120000.0,70000.0,3.0,0.0,0.16573335112655252,0.2297289546716004,1197.7311528990765,2,All-Rounder
Salman Butt,193,7,161,27.571428571428573,119.87577639751552,Left_Hand,Right-arm offbreak,Pakistan,0.0,0.0,7,0.0,0.0,0.0,2.0,0.0,0.15213042614527417,0.30000000000000004,1226.065213072637,2,All-Rounder
YV Takawale,192,8,178,24.0,107.86516853932584,Right_Hand,None,India,0.0,0.0,10,0.0,0.0,0.0,13.0,4.0,0.1383344898225809,0.30000000000000004,1219.1672449112905,2,All-Rounder
Bipul Sharma,187,6,121,31.166666666666668,154.54545454545453,Left_Hand,Slow left-arm orthodox,India,17.0,436.0,29,8.0,34.18,25.65,7.0,0.0,0.18317761563292342,0.3302374413682939,1256.7075285006088,2,All-Rounder
B Kumar,184,23,189,8.0,97.35449735449735,Right_Hand,Right-arm medium,India,154.0,3384.0,146,7.21,26.39,21.97,24.0,0.0,0.1107120668713002,0.8577175972707926,1484.2148320710464,1,Pure Bowler
FY Fazal,183,9,172,20.33333333333333,106.3953488372093,Left_Hand,Right-arm medium,India,0.0,12.0,12,10.0,200000.0,120000.0,7.0,0.0,0.1318308910949213,0.2139685476410731,1172.8997193679972,2,All-Rounder
JJ Roy,183,5,135,36.6,135.55555555555557,Right_Hand,None,Unknown,0.0,0.0,13,0.0,0.0,0.0,8.0,0.0,0.1736439049544468,0.30000000000000004,1236.8219524772235,2,All-Rounder
CR Brathwaite,182,14,110,13.0,165.45454545454547,Right_Hand,Right-arm fast-medium,West Indies,13.0,266.0,16,8.66,29.54,20.46,6.0,0.0,0.17061590657775694,0.3120683169368577,1241.3421117573073,2,All-Rounder
AC Voges,181,6,142,30.166666666666668,127.46478873239435,Right_Hand,Slow left-arm orthodox,Australia,0.0,56.0,8,8.14,760000.0,560000.0,1.0,0.0,0.1596026684799119,0.10290656799259942,1131.2546182362557,2,All-Rounder
AB Agarkar,179,8,152,22.375,117.76315789473684,Right_Hand,Right-arm fast,India,29.0,820.0,42,8.59,40.48,28.28,4.0,0.0,0.14272918018771924,0.37357252289571996,1258.1508515417195,2,All-Rounder
C Munro,178,9,141,19.77777777777778,126.24113475177306,Left_Hand,Right-arm medium-fast,New Zealand,0.0,12.0,12,7.5,150000.0,120000.0,4.0,0.0,0.14643116430675937,0.23547641073080483,1190.953787518782,2,All-Rounder
MF Maharoof,177,10,122,17.7,145.08196721311475,Right_Hand,Right-arm fast-medium,India,27.0,441.0,20,7.24,19.7,16.33,4.0,0.0,0.15901371068702166,0.37179623616566326,1265.4049734263424,2,All-Rounder
DH Yagnik,170,9,135,18.88888888888889,125.92592592592592,Left_Hand,None,India,0.0,0.0,17,0.0,0.0,0.0,12.0,5.0,0.14413682841438094,0.30000000000000004,1222.0684142071905,2,All-Rounder
N Pooran,170,6,106,28.33333333333333,160.37735849056605,Left_Hand,None,Unknown,0.0,0.0,43,0.0,0.0,0.0,19.0,1.0,0.1824302976984163,0.30000000000000004,1241.2151488492082,2,All-Rounder
CM Gautam,169,9,148,18.77777777777778,114.1891891891892,Right_Hand,None,India,0.0,0.0,13,0.0,0.0,0.0,3.0,4.0,0.13449216792102897,0.30000000000000004,1217.2460839605146,2,All-Rounder
MG Johnson,168,14,161,12.0,104.34782608695652,Left_Hand,Left-arm fast,Australia,62.0,1301.0,54,8.02,28.06,20.98,15.0,0.0,0.11878804875952267,0.5022829345151979,1310.5354916373603,1,Pure Bowler
MN van Wyk,167,3,132,55.66666666666666,126.51515151515152,Right_Hand,Slow left-arm orthodox,South Africa,0.0,0.0,5,0.0,0.0,0.0,7.0,0.0,0.18601411274559082,0.30000000000000004,1243.0070563727954,2,All-Rounder
DW Steyn,166,22,157,7.545454545454546,105.73248407643312,Right_Hand,Right-arm fast,South Africa,97.0,2282.0,95,6.79,26.63,23.53,22.0,0.0,0.11457577472462965,0.6415108462782386,1378.043310501434,1,Pure Bowler
PA Reddy,164,10,160,16.4,102.5,Right_Hand,Legbreak,India,0.0,0.0,10,0.0,0.0,0.0,2.0,0.0,0.1217937539791576,0.30000000000000004,1210.896876989579,2,All-Rounder
R Parag,161,4,126,40.25,127.77777777777776,Right_Hand,Legbreak,Unknown,4.0,162.0,40,10.37,70.0,40.5,29.0,0.0,0.16873122349555264,0.270198696309327,1219.46495990244,2,All-Rounder
MN Samuels,161,12,171,13.416666666666666,94.15204678362574,Right_Hand,Right-arm offbreak,West Indies,9.0,219.0,15,7.81,31.67,24.33,2.0,0.0,0.11133821445780677,0.30046296947119394,1205.9005919645003,2,All-Rounder
Ankit Sharma,160,10,108,16.0,148.14814814814815,Left_Hand,Slow left-arm orthodox,India,12.0,375.0,21,7.25,37.75,31.25,4.0,0.0,0.15734169313233082,0.3143718682989339,1235.8567807156323,2,All-Rounder
RE van der Merwe,159,11,141,14.454545454545457,112.7659574468085,Right_Hand,Slow left-arm orthodox,South Africa,21.0,455.0,21,6.79,24.52,21.67,6.0,0.0,0.1271507337464517,0.35080091270074765,1238.9758232235997,2,All-Rounder
R McLaren,159,8,169,19.875,94.0828402366864,Left_Hand,Right-arm medium-fast,South Africa,12.0,372.0,18,9.0,46.5,31.0,5.0,0.0,0.11836384741637052,0.3067613109446323,1212.5625791805014,2,All-Rounder
R Dhawan,153,7,135,21.857142857142858,113.33333333333331,Right_Hand,Right-arm medium-fast,India,24.0,632.0,31,7.78,34.12,26.33,10.0,0.0,0.13524262609242338,0.35796993215753475,1246.606279124979,2,All-Rounder
SM Pollock,147,8,111,18.375,132.43243243243242,Right_Hand,Right-arm fast-medium,South Africa,11.0,280.0,13,6.58,27.91,25.45,2.0,0.0,0.14579087398602233,0.3134618687821942,1229.6263713841083,2,All-Rounder
S Vidyut,145,8,108,18.125,134.25925925925927,Left_Hand,Slow left-arm orthodox,India,1.0,13.0,8,10.15,22.0,13.0,1.0,0.0,0.14671022758299299,0.25969002097834937,1203.2001242806712,2,All-Rounder
K Gowtham,145,12,83,12.083333333333334,174.6987951807229,Right_Hand,Right-arm offbreak,Unknown,18.0,486.0,28,8.36,37.61,27.0,14.0,0.0,0.17219632601713358,0.3324966308017774,1252.3464784094554,2,All-Rounder
Mohammad Nabi,142,8,91,17.75,156.04395604395606,Right_Hand,Right-arm offbreak,Unknown,13.0,345.0,17,7.25,32.08,26.54,11.0,0.0,0.16332482321401418,0.3181982112939345,1240.7615172539743,2,All-Rounder
N Saini,142,12,144,11.833333333333334,98.61111111111111,Right_Hand,Right-arm fast,India,0.0,0.0,10,0.0,0.0,0.0,11.0,2.0,0.11065506241925335,0.30000000000000004,1205.3275312096266,2,All-Rounder
Sachin Baby,137,9,101,15.22222222222222,135.64356435643566,Left_Hand,Right-arm offbreak,India,2.0,10.0,13,4.8,4.0,5.0,5.0,0.0,0.14348699272802326,0.2867798569428226,1215.1334248354228,2,All-Rounder
S Anirudha,136,8,110,17.0,123.63636363636364,Right_Hand,None,India,0.0,0.0,12,0.0,0.0,0.0,11.0,0.0,0.13577242569446774,0.30000000000000004,1217.8862128472338,2,All-Rounder
SB Styris,131,7,133,18.714285714285715,98.49624060150376,Right_Hand,Right-arm medium,New Zealand,8.0,222.0,12,7.51,34.75,27.75,2.0,0.0,0.11696333682613196,0.2979415253661101,1207.452431096121,2,All-Rounder
W Jaffer,130,7,121,18.571428571428573,107.43801652892562,Right_Hand,Right-arm offbreak,India,0.0,0.0,8,0.0,0.0,0.0,4.0,0.0,0.12382541142803183,0.30000000000000004,1211.9127057140158,2,All-Rounder
S Gopal,129,8,118,16.125,109.32203389830508,Right_Hand,Legbreak,India,49.0,958.0,48,8.09,26.35,19.55,5.0,0.0,0.12242358437830296,0.4522521745626141,1287.3378794704586,2,All-Rounder
Kamran Akmal,128,4,78,32.0,164.1025641025641,Right_Hand,None,Pakistan,0.0,0.0,6,0.0,0.0,0.0,5.0,4.0,0.18415877279128293,0.30000000000000004,1242.0793863956414,2,All-Rounder
D Wiese,127,5,90,25.4,141.11111111111111,Right_Hand,Right-arm medium-fast,South Africa,16.0,289.0,15,8.49,25.56,18.06,5.0,0.0,0.15813660192042056,0.32428370401621653,1241.2101529683187,2,All-Rounder
P Dogra,127,12,138,10.583333333333334,92.02898550724638,Right_Hand,Legbreak,India,0.0,0.0,12,0.0,0.0,0.0,5.0,0.0,0.10203378022520758,0.30000000000000004,1201.0168901126037,2,All-Rounder
UT Khawaja,127,5,100,25.4,127.0,Left_Hand,Right-arm medium,Australia,0.0,0.0,6,0.0,0.0,0.0,1.0,0.0,0.14684771303153168,0.30000000000000004,1223.423856515766,2,All-Rounder
M Morkel,126,11,90,11.454545454545457,140.0,Left_Hand,Right-arm fast,South Africa,77.0,1699.0,70,7.54,27.74,22.06,11.0,0.0,0.14127159711581522,0.5617470083023712,1351.5093027090932,1,Pure Bowler
MC Juneja,125,7,127,17.857142857142858,98.4251968503937,Right_Hand,Right-arm offbreak,India,0.0,0.0,7,0.0,0.0,0.0,0.0,0.0,0.11515842498501816,0.30000000000000004,1207.5792124925092,2,All-Rounder
BB Samantray,125,5,113,25.0,110.61946902654869,Right_Hand,None,India,0.0,0.0,8,0.0,0.0,0.0,3.0,0.0,0.13303072584282527,0.30000000000000004,1216.5153629214126,2,All-Rounder
B Lee,124,10,96,12.4,129.16666666666669,Right_Hand,Right-arm fast,Australia,25.0,916.0,38,7.38,45.04,36.64,8.0,0.0,0.13342129365903788,0.36353187580008395,1248.476584729561,2,All-Rounder
MM Sharma,123,14,117,8.785714285714286,105.12820512820514,Right_Hand,Right-arm medium,India,92.0,1795.0,86,8.32,27.04,19.51,16.0,0.0,0.10995437309342582,0.6157329020710433,1362.8436375822346,1,Pure Bowler
AB McDonald,123,5,99,24.6,124.24242424242424,Right_Hand,Right-arm fast-medium,Australia,11.0,188.0,10,8.39,23.91,17.09,0.0,0.0,0.14321652760558032,0.3055931546286327,1224.4048411171066,2,All-Rounder
UT Yadav,122,12,124,10.166666666666666,98.38709677419357,Right_Hand,Right-arm fast-medium,India,135.0,2945.0,132,8.23,29.93,21.81,32.0,0.0,0.10600174200178067,0.7806044658421922,1443.3031039219863,1,Pure Bowler
DL Vettori,121,7,109,17.285714285714285,111.0091743119266,Left_Hand,Slow left-arm orthodox,New Zealand,28.0,785.0,34,6.83,31.93,28.04,11.0,0.0,0.12406022239409396,0.37740137934567775,1250.7308008698858,2,All-Rounder
AC Blizzard,120,7,89,17.142857142857142,134.8314606741573,Left_Hand,Left-arm medium,Australia,0.0,0.0,7,0.0,0.0,0.0,4.0,0.0,0.14282670534384093,0.30000000000000004,1221.4133526719204,2,All-Rounder
RJ Harris,117,12,111,9.75,105.4054054054054,Right_Hand,Right-arm fast,Australia,45.0,865.0,37,7.53,24.11,19.22,18.0,0.0,0.11049786166976548,0.4393868873189669,1274.9423744943663,2,All-Rounder
Misbah-ul-Haq,117,9,81,13.0,144.44444444444443,Right_Hand,Legbreak,Pakistan,0.0,0.0,8,0.0,0.0,0.0,1.0,0.0,0.1454222747191785,0.30000000000000004,1222.7111373595892,2,All-Rounder
Z Khan,117,15,138,7.8,84.78260869565217,Right_Hand,Left-arm fast-medium,India,102.0,2276.0,99,7.54,28.04,22.31,20.0,0.0,0.0917837152110538,0.6573753597731304,1374.5795374920922,1,Pure Bowler
KK Cooper,116,9,68,12.88888888888889,170.58823529411765,Right_Hand,Right-arm medium,West Indies,33.0,600.0,25,7.89,23.91,18.18,11.0,0.0,0.1660820362949545,0.39192007313659183,1279.001054715773,2,All-Rounder
TG Southee,115,6,90,19.166666666666668,127.77777777777776,Right_Hand,Right-arm medium-fast,New Zealand,45.0,1226.0,52,8.3,37.67,27.24,21.0,0.0,0.13883850018802102,0.4360361761256275,1287.4373381568244,2,All-Rounder
R Tewatia,115,7,89,16.428571428571427,129.21348314606743,Left_Hand,Legbreak,India,32.0,852.0,60,7.76,34.44,26.62,27.0,0.0,0.13687559262118087,0.3886579134903424,1262.7667530557617,2,All-Rounder
M Kartik,113,7,108,16.142857142857142,104.62962962962963,Left_Hand,Slow left-arm orthodox,India,31.0,1182.0,55,7.2,45.74,38.13,18.0,0.0,0.11662581752795541,0.387265155231697,1251.9454863798262,2,All-Rounder
DJ Harris,111,3,101,37.0,109.9009900990099,Right_Hand,Right-arm medium,Australia,0.0,18.0,4,8.67,260000.0,180000.0,5.0,0.0,0.14428618764935838,0.20698519888991673,1175.6356932696376,2,All-Rounder
HV Patel,107,8,68,13.375,157.35294117647058,Right_Hand,Right-arm medium,India,97.0,1665.0,77,8.15,23.32,17.16,16.0,0.0,0.15488512369143617,0.635598507055297,1395.2418153733665,1,Pure Bowler
JDP Oram,106,8,108,13.25,98.14814814814817,Left_Hand,Right-arm fast-medium,New Zealand,9.0,244.0,15,8.9,40.22,27.11,7.0,0.0,0.10725023533653281,0.29572201988747515,1201.486127612004,2,All-Rounder
LJ Wright,106,4,60,26.5,176.66666666666666,Right_Hand,Right-arm medium-fast,England,2.0,75.0,7,10.0,62.5,37.5,2.0,0.0,0.1851218683331658,0.26415871448213807,1224.640291407652,2,All-Rounder
Rashid Khan,105,12,63,8.75,166.66666666666669,Right_Hand,Legbreak googly,Unknown,112.0,2232.0,92,6.48,21.53,19.93,26.0,0.0,0.15682240531001132,0.7002368066519059,1428.5296059809586,1,Pure Bowler
RJ Quiney,103,7,102,14.714285714285714,100.98039215686272,Left_Hand,Right-arm medium,Australia,0.0,0.0,7,0.0,0.0,0.0,2.0,0.0,0.1107929661493656,0.30000000000000004,1205.396483074683,2,All-Rounder
DS Kulkarni,101,9,106,11.22222222222222,95.28301886792453,Right_Hand,Right-arm medium,India,86.0,1876.0,92,8.04,29.22,21.81,18.0,0.0,0.10200879659456115,0.5939990098734728,1348.003903234017,1,Pure Bowler
MS Gony,99,9,70,11.0,141.42857142857144,Right_Hand,Right-arm medium,India,37.0,925.0,44,8.54,35.59,25.0,4.0,0.0,0.13841469643515353,0.4043920475217745,1271.403371978464,2,All-Rounder
SD Chitnis,99,7,89,14.142857142857142,111.23595505617978,Right_Hand,Right-arm offbreak,India,2.0,38.0,9,9.79,31.0,19.0,2.0,0.0,0.11783203190866874,0.2650784600880585,1191.4552459983636,2,All-Rounder
MJ Clarke,98,5,94,19.6,104.25531914893618,Right_Hand,Slow left-arm orthodox,Australia,2.0,66.0,6,6.55,36.0,33.0,1.0,0.0,0.11831981340647262,0.27916435278001045,1198.7420830932415,2,All-Rounder
CJ Ferguson,98,6,116,16.333333333333332,84.48275862068965,Right_Hand,Right-arm medium,Australia,0.0,0.0,8,0.0,0.0,0.0,2.0,0.0,0.09878964377175417,0.30000000000000004,1199.394821885877,2,All-Rounder
MA Starc,96,6,98,16.0,97.95918367346938,Left_Hand,Left-arm fast,Australia,34.0,612.0,26,7.11,21.32,18.0,16.0,0.0,0.10893397897979015,0.3991370651602696,1254.0355220700299,2,All-Rounder
AJ Tye,92,7,70,13.142857142857142,131.42857142857142,Right_Hand,Right-arm fast-medium,Unknown,42.0,714.0,30,8.45,23.93,17.0,7.0,0.0,0.1319467020263187,0.4239115157807737,1277.9291089035462,2,All-Rounder
PR Shah,92,8,91,11.5,101.0989010989011,Right_Hand,None,India,0.0,0.0,9,0.0,0.0,0.0,10.0,3.0,0.1058160826456993,0.30000000000000004,1202.9080413228496,2,All-Rounder
DJ Jacobs,92,7,97,13.142857142857142,94.84536082474226,Right_Hand,Right-arm medium,South Africa,0.0,0.0,7,0.0,0.0,0.0,3.0,2.0,0.10268013354325536,0.30000000000000004,1201.3400667716278,2,All-Rounder
S Rana,91,5,81,18.2,112.34567901234568,Right_Hand,Right-arm medium-fast,India,0.0,16.0,8,6.75,180000.0,160000.0,3.0,0.0,0.12229813286239138,0.23235430157261797,1177.3262172175046,2,All-Rounder
RT Ponting,91,8,127,11.375,71.65354330708661,Right_Hand,Right-arm medium,Australia,0.0,0.0,9,0.0,0.0,0.0,4.0,0.0,0.08198874248000229,0.30000000000000004,1190.994371240001,2,All-Rounder
AD Nath,90,10,98,9.0,91.83673469387756,Right_Hand,Right-arm medium-fast,India,0.0,0.0,10,0.0,0.0,0.0,2.0,0.0,0.09530742347537145,0.30000000000000004,1197.6537117376859,2,All-Rounder
MJ McClenaghan,88,11,70,8.0,125.71428571428572,Left_Hand,Left-arm fast-medium,New Zealand,71.0,1346.0,56,8.2,25.9,18.96,1.0,0.0,0.12101508369993444,0.5359270149022106,1328.4710493010725,1,Pure Bowler
Iqbal Abdulla,88,1,83,88.0,106.02409638554218,Left_Hand,Slow left-arm orthodox,India,40.0,943.0,48,7.16,28.12,23.57,12.0,0.0,0.1961720231460305,0.4218690467195422,1309.0205349327864,2,All-Rounder
SL Malinga,88,12,99,7.333333333333333,88.88888888888889,Right_Hand,Right-arm fast,Sri Lanka,170.0,2974.0,122,7.03,20.51,17.49,15.0,0.0,0.0907971904820412,0.9197036428226242,1505.2504166523327,1,Pure Bowler
AP Majumdar,87,4,76,21.75,114.4736842105263,Right_Hand,Legbreak googly,India,0.0,0.0,4,0.0,0.0,0.0,0.0,0.0,0.12751859401922694,0.30000000000000004,1213.7592970096134,2,All-Rounder
RE Levi,83,6,73,13.833333333333334,113.69863013698632,Right_Hand,Right-arm medium,South Africa,0.0,0.0,6,0.0,0.0,0.0,2.0,0.0,0.11738630472838298,0.30000000000000004,1208.6931523641915,2,All-Rounder
LA Carseldine,81,3,68,27.0,119.11764705882352,Left_Hand,Legbreak,Australia,1.0,7.0,5,5.14,6.0,7.0,4.0,0.0,0.136425622522574,0.2814760339293207,1208.9508282259474,2,All-Rounder
WPUJC Vaas,81,7,73,11.571428571428571,110.95890410958904,Left_Hand,Left-arm fast-medium,Sri Lanka,18.0,288.0,13,7.58,20.22,16.0,0.0,0.0,0.1123661606307189,0.3358916351496034,1224.1288978901612,2,All-Rounder
Shahid Afridi,81,8,46,10.125,176.08695652173913,Right_Hand,Legbreak googly,Pakistan,9.0,185.0,10,7.69,26.33,20.56,4.0,0.0,0.16282493372927015,0.3009858447718415,1231.9053892505558,2,All-Rounder
AD Mascarenhas,79,10,78,7.9,101.28205128205128,Right_Hand,Right-arm fast-medium,England,19.0,310.0,13,7.06,19.21,16.32,2.0,0.0,0.10019458349121084,0.34197785622045973,1221.0862198558352,2,All-Rounder
PJ Cummins,77,6,55,12.833333333333334,140.0,Right_Hand,Right-arm fast,Australia,45.0,995.0,42,8.47,31.22,22.11,8.0,0.0,0.1365169861162305,0.4352984180312704,1285.9077020737504,2,All-Rounder
B Akhil,76,7,55,10.857142857142858,138.1818181818182,Right_Hand,Right-arm medium-fast,India,6.0,193.0,15,7.65,41.0,32.17,3.0,0.0,0.1326877611883141,0.28968122670265845,1211.1844939454863,2,All-Rounder
IR Jaggi,76,5,97,15.2,78.35051546391753,Right_Hand,Legbreak googly,India,0.0,0.0,7,0.0,0.0,0.0,2.0,0.0,0.0897577839490585,0.30000000000000004,1194.8788919745293,2,All-Rounder
TR Birt,75,5,58,15.0,129.31034482758622,Left_Hand,Right-arm medium,Australia,0.0,0.0,5,0.0,0.0,0.0,0.0,0.0,0.13016936623502076,0.30000000000000004,1215.0846831175104,2,All-Rounder
Washington Sundar,75,6,50,12.5,150.0,Left_Hand,Right-arm offbreak,Unknown,33.0,928.0,50,7.22,33.82,28.12,9.0,0.0,0.14388018128204266,0.3948310081042144,1269.3555946931285,2,All-Rounder
M Klinger,73,4,77,18.25,94.8051948051948,Right_Hand,None,Australia,0.0,0.0,4,0.0,0.0,0.0,0.0,0.0,0.10600041107988953,0.30000000000000004,1203.0002055399448,2,All-Rounder
RR Sarwan,73,3,75,24.33333333333333,97.33333333333334,Right_Hand,Legbreak,West Indies,0.0,0.0,4,0.0,0.0,0.0,1.0,0.0,0.11493580069027914,0.30000000000000004,1207.4679003451397,2,All-Rounder
DL Chahar,71,6,44,11.833333333333334,161.36363636363637,Right_Hand,Right-arm medium,India,59.0,1385.0,63,7.53,29.47,23.47,10.0,0.0,0.1516974807045762,0.49293765946174106,1322.3175700831587,1,Pure Bowler
K Rabada,70,6,78,11.666666666666666,89.74358974358975,Left_Hand,Right-arm fast,Unknown,102.0,1498.0,63,8.1,19.83,14.69,21.0,0.0,0.09408304099144497,0.6549423239729455,1374.5126824821953,1,Pure Bowler
AA Bilakhia,69,5,85,13.8,81.17647058823529,Right_Hand,Right-arm medium,India,0.0,0.0,7,0.0,0.0,0.0,1.0,0.0,0.08952457961370389,0.30000000000000004,1194.7622898068519,2,All-Rounder
H Klaasen,67,5,57,13.4,117.54385964912282,Right_Hand,None,Unknown,0.0,0.0,6,0.0,0.0,0.0,4.0,4.0,0.11790592845246853,0.30000000000000004,1208.9529642262344,2,All-Rounder
RR Powar,67,3,63,22.33333333333333,106.34920634920636,Right_Hand,Right-arm offbreak,India,13.0,443.0,26,7.29,41.38,34.08,5.0,0.0,0.11910172096405049,0.31802231952705196,1218.5620202455511,2,All-Rounder
R Sharma,66,11,75,6.0,88.0,Right_Hand,Right-arm offbreak,India,40.0,935.0,44,7.06,27.5,23.37,10.0,0.0,0.08573274134637938,0.42230396124313146,1254.0183512947553,2,All-Rounder
Mohammad Hafeez,64,8,82,8.0,78.04878048780488,Right_Hand,Right-arm offbreak,Pakistan,2.0,63.0,8,6.76,35.5,31.5,1.0,0.0,0.07978647605395063,0.2782514156847283,1179.0189458693394,2,All-Rounder
CR Woakes,63,5,66,12.6,95.45454545454544,Right_Hand,Right-arm fast-medium,Unknown,30.0,463.0,21,8.73,22.47,15.43,6.0,0.0,0.09880935227691584,0.3767927957704615,1237.8010740236887,2,All-Rounder
WD Parnell,63,9,75,7.0,84.0,Left_Hand,Left-arm medium-fast,South Africa,26.0,601.0,26,7.3,28.12,23.12,6.0,0.0,0.08328207954964313,0.3677084384990623,1225.4952590243527,2,All-Rounder
Anirudh Singh,63,4,66,15.75,95.45454545454544,Left_Hand,Right-arm medium,India,0.0,0.0,4,0.0,0.0,0.0,3.0,0.0,0.1023888977314613,0.30000000000000004,1201.1944488657307,2,All-Rounder
A Flintoff,62,2,53,31.0,116.98113207547168,Right_Hand,Right-arm fast-medium,England,2.0,66.0,3,9.64,53.0,33.0,3.0,0.0,0.1368107040050478,0.26572595315003816,1201.268328577543,2,All-Rounder
S Aravind,59,3,56,19.666666666666668,105.35714285714286,Left_Hand,Left-arm medium-fast,India,45.0,788.0,38,8.05,23.49,17.51,5.0,0.0,0.11424569931849697,0.4371261496686432,1275.6859244935702,2,All-Rounder
WA Mota,56,5,73,11.2,76.71232876712328,Right_Hand,Right-arm medium,India,4.0,75.0,10,7.84,24.5,18.75,5.0,0.0,0.08132161049216928,0.2812083771603909,1181.26499382628,2,All-Rounder
JD Unadkat,55,7,53,7.857142857142857,103.77358490566036,Right_Hand,Left-arm medium,India,91.0,1942.0,90,8.67,30.84,21.34,19.0,0.0,0.09904290562659768,0.6103852178179483,1354.714061722273,1,Pure Bowler
M Rawat,55,5,69,11.0,79.71014492753623,Right_Hand,None,India,0.0,0.0,11,0.0,0.0,0.0,16.0,2.0,0.08336358221552696,0.30000000000000004,1191.6817911077635,2,All-Rounder
I Sharma,55,7,61,7.857142857142857,90.1639344262295,Right_Hand,Right-arm fast-medium,India,72.0,2090.0,93,7.98,38.6,29.03,16.0,0.0,0.088155185243053,0.5407059711257033,1314.4305781843782,1,Pure Bowler
J Suchith,54,2,46,27.0,117.3913043478261,Left_Hand,Slow left-arm orthodox,India,19.0,434.0,21,8.35,31.79,22.84,17.0,0.0,0.13156131945587707,0.3363664839725411,1233.963901714209,2,All-Rounder
Mohammed Shami,54,9,52,6.0,103.84615384615384,Right_Hand,Right-arm fast-medium,India,99.0,2118.0,93,8.37,29.84,21.39,13.0,0.0,0.0968615626909029,0.6422908713061677,1369.5762169985353,1,Pure Bowler
A Chopra,53,5,71,10.6,74.64788732394366,Right_Hand,Right-arm offbreak,India,0.0,0.0,6,0.0,0.0,0.0,2.0,0.0,0.07860121372270754,0.30000000000000004,1189.3006068613538,2,All-Rounder
RR Rossouw,53,6,51,8.833333333333334,103.921568627451,Left_Hand,Right-arm offbreak,South Africa,0.0,0.0,5,0.0,0.0,0.0,3.0,0.0,0.10001258300793764,0.30000000000000004,1200.006291503969,2,All-Rounder
RP Singh,52,15,72,3.466666666666667,72.22222222222221,Right_Hand,Left-arm fast-medium,India,90.0,1874.0,82,7.74,26.86,20.82,27.0,0.0,0.06842561255756979,0.6106044062753068,1339.5150094164383,1,Pure Bowler
NM Coulter-Nile,52,7,50,7.428571428571429,104.0,Right_Hand,Right-arm fast,Australia,48.0,892.0,38,7.57,23.44,18.58,10.0,0.0,0.09834999928195653,0.45068852666474574,1274.519262973351,2,All-Rounder
Shoaib Malik,52,4,47,13.0,110.63829787234044,Right_Hand,Right-arm offbreak,Pakistan,2.0,58.0,6,9.0,43.5,29.0,6.0,0.0,0.10999180641099772,0.26851058312228615,1189.251194766642,2,All-Rounder
KB Arun Karthik,51,5,50,10.2,102.0,Right_Hand,Legbreak googly,India,0.0,0.0,8,0.0,0.0,0.0,12.0,2.0,0.09977034145360722,0.30000000000000004,1199.8851707268036,2,All-Rounder
R Rampaul,51,5,49,10.2,104.08163265306123,Left_Hand,Right-arm fast-medium,West Indies,16.0,278.0,12,6.88,19.94,17.37,4.0,0.0,0.1014356475760562,0.33128489976089737,1216.3602736684768,2,All-Rounder
RV Gomez,50,7,50,7.142857142857143,100.0,Right_Hand,Right-arm medium,India,5.0,97.0,13,8.04,26.0,19.4,3.0,0.0,0.09456730700188129,0.28416362940608525,1189.3654682039833,2,All-Rounder
SB Bangar,49,6,58,8.166666666666666,84.48275862068965,Right_Hand,Right-arm medium-fast,India,4.0,153.0,10,8.67,55.25,38.25,2.0,0.0,0.08318792533415295,0.27759313895502546,1180.3905321445893,2,All-Rounder
VR Aaron,49,3,62,16.333333333333332,79.03225806451613,Right_Hand,Right-arm fast,India,44.0,1065.0,50,8.6,34.7,24.2,3.0,0.0,0.08810782791951716,0.43090732360241224,1259.5075757609648,2,All-Rounder
AG Paunikar,49,5,57,9.8,85.96491228070175,Right_Hand,None,India,0.0,0.0,5,0.0,0.0,0.0,1.0,0.0,0.08622970886822325,0.30000000000000004,1193.1148544341117,2,All-Rounder
Yashpal Singh,47,4,66,11.75,71.21212121212122,Right_Hand,Right-arm medium,India,0.0,0.0,4,0.0,0.0,0.0,3.0,0.0,0.07638536814886797,0.30000000000000004,1188.192684074434,2,All-Rounder
Kuldeep Yadav,45,4,54,11.25,83.33333333333334,Left_Hand,Slow left-arm chinaman,India,61.0,1219.0,59,8.22,27.39,19.98,10.0,0.0,0.08525613907225593,0.49758837523897625,1291.422257155616,1,Pure Bowler
Sunny Singh,43,4,31,10.75,138.70967741935485,Right_Hand,Right-arm medium-fast,India,0.0,0.0,5,0.0,0.0,0.0,1.0,0.0,0.1287310155674914,0.30000000000000004,1214.3655077837457,2,All-Rounder
AB Barath,42,2,42,21.0,100.0,Left_Hand,Right-arm offbreak,India,0.0,0.0,3,0.0,0.0,0.0,0.0,0.0,0.10928199242703483,0.30000000000000004,1204.6409962135174,2,All-Rounder
SK Trivedi,42,8,59,5.25,71.1864406779661,Right_Hand,Right-arm medium,India,65.0,1557.0,76,7.49,29.91,23.95,12.0,0.0,0.06833341769668043,0.5160622985603291,1292.1978581285048,1,Pure Bowler
JDS Neesham,42,3,46,14.0,91.30434782608695,Left_Hand,Right-arm medium,New Zealand,8.0,222.0,14,9.24,42.75,27.75,2.0,0.0,0.09437092523335894,0.2904180841080158,1192.3945046706874,2,All-Rounder
A Nehra,41,8,59,5.125,69.49152542372882,Right_Hand,Left-arm medium-fast,India,106.0,1974.0,88,7.71,23.93,18.62,17.0,0.0,0.06670643156104518,0.6719376502545205,1369.3220409077828,1,Pure Bowler
LPC Silva,40,2,25,20.0,160.0,Right_Hand,Legbreak,Sri Lanka,0.0,6.0,3,21.0,210000.0,60000.0,3.0,0.0,0.15588761183527125,0.16401480111008326,1159.9512064726773,2,All-Rounder
S Dube,40,4,33,10.0,121.21212121212122,Left_Hand,Right-arm fast-medium,Unknown,4.0,111.0,34,9.51,44.0,27.75,11.0,0.0,0.11349367244133188,0.27394335865900327,1193.7185155501675,2,All-Rounder
BR Dunk,40,3,35,13.333333333333334,114.28571428571428,Left_Hand,Right-arm fast,Australia,0.0,0.0,3,0.0,0.0,0.0,4.0,0.0,0.11174042568808511,0.30000000000000004,1205.8702128440425,2,All-Rounder
Umar Gul,39,3,19,13.0,205.26315789473685,Right_Hand,Right-arm fast-medium,Pakistan,12.0,153.0,6,7.76,16.5,12.75,0.0,0.0,0.1840145842188153,0.3121589982711819,1248.0867912449985,2,All-Rounder
AUK Pathan,39,5,23,7.8,169.56521739130434,Right_Hand,Right-arm medium,India,0.0,41.0,7,9.22,630000.0,410000.0,2.0,0.0,0.1495471409069784,0.1258704902867715,1137.708815596875,2,All-Rounder
DJ Thornely,39,3,52,13.0,75.0,Right_Hand,Right-arm medium,Australia,3.0,44.0,5,5.45,13.33,14.67,2.0,0.0,0.07980405790302583,0.2877769214919398,1183.7904896974828,2,All-Rounder
MM Patel,39,5,41,7.8,95.1219512195122,Right_Hand,Right-arm medium-fast,India,74.0,1382.0,63,7.52,23.42,18.68,12.0,0.0,0.0899925279695447,0.550359474136981,1320.176001053263,1,Pure Bowler
SP Jackson,38,2,31,19.0,122.58064516129032,Right_Hand,None,Unknown,0.0,0.0,8,0.0,0.0,0.0,7.0,2.0,0.12455774737253995,0.30000000000000004,1212.27887368627,2,All-Rounder
JO Holder,38,5,31,7.6,122.58064516129032,Right_Hand,Right-arm medium-fast,West Indies,49.0,873.0,38,8.24,24.47,17.82,11.0,0.0,0.1116032019179945,0.4516004006495706,1281.6018012837826,2,All-Rounder
Anureet Singh,37,4,46,9.25,80.43478260869566,Right_Hand,Right-arm medium,India,18.0,430.0,22,8.87,35.33,23.89,5.0,0.0,0.07963250339821881,0.3302797246038125,1204.9561140010157,2,All-Rounder
S Narwal,37,4,27,9.25,137.03703703703704,Left_Hand,Right-arm medium,India,5.0,113.0,7,10.78,40.6,22.6,1.0,0.0,0.12491430694089191,0.2722474795448456,1198.5808932428688,2,All-Rounder
JJ Bumrah,37,3,38,12.333333333333334,97.36842105263158,Right_Hand,Right-arm medium,India,148.0,2857.0,120,7.35,23.64,19.3,11.0,0.0,0.09668320203215543,0.8341586670528703,1465.420934542513,1,Pure Bowler
Sohail Tanvir,36,3,29,12.0,124.13793103448276,Left_Hand,Left-arm medium-fast,Pakistan,22.0,265.0,11,6.23,12.5,12.05,4.0,0.0,0.11759101366114853,0.3570633893682737,1237.327201514711,2,All-Rounder
L Balaji,36,7,47,5.142857142857143,76.59574468085107,Right_Hand,Right-arm medium-fast,India,76.0,1574.0,73,7.94,27.41,20.71,9.0,0.0,0.07176505678603538,0.5561828114683328,1313.973934127184,1,Pure Bowler
KW Richardson,36,3,39,12.0,92.3076923076923,Right_Hand,Right-arm fast-medium,Australia,19.0,345.0,15,8.33,25.21,18.16,5.0,0.0,0.09212682267971617,0.33645484049428026,1214.2908315869981,2,All-Rounder
Joginder Sharma,36,4,30,9.0,120.0,Right_Hand,Right-arm fast-medium,India,12.0,272.0,16,9.29,35.08,22.67,5.0,0.0,0.1108715779244714,0.305502871166649,1208.1872245455602,2,All-Rounder
AN Ahmed,36,1,26,36.0,138.46153846153845,Right_Hand,Right-arm medium-fast,India,12.0,362.0,17,8.54,42.92,30.17,2.0,0.0,0.15632262687552037,0.30876207264676003,1232.5423497611403,2,All-Rounder
SN Thakur,36,4,21,9.0,171.42857142857142,Right_Hand,Right-arm medium,India,82.0,1650.0,74,8.62,28.91,20.12,21.0,0.0,0.15201443506732853,0.5761767902523974,1364.095612659863,1,Pure Bowler
A Kumble,35,2,46,17.5,76.08695652173914,Right_Hand,Legbreak googly,India,45.0,983.0,42,6.65,24.2,21.84,9.0,0.0,0.08527122557325367,0.44321295512655257,1264.242090349903,2,All-Rounder
B Sumanth,35,1,37,35.0,94.5945945945946,Right_Hand,Right-arm medium-fast,India,0.0,0.0,4,0.0,0.0,0.0,4.0,0.0,0.11996369966790167,0.30000000000000004,1209.981849833951,2,All-Rounder
S Sreesanth,34,3,52,11.333333333333334,65.38461538461539,Right_Hand,Right-arm fast-medium,India,40.0,947.0,44,7.74,30.52,23.67,3.0,0.0,0.06957276842827893,0.41934679695080956,1244.4597826895442,2,All-Rounder
AP Dole,34,2,22,17.0,154.54545454545453,Right_Hand,Right-arm medium-fast,India,5.0,73.0,3,9.37,22.8,14.6,2.0,0.0,0.1473408336963442,0.2783817015614969,1212.8612676289206,2,All-Rounder
A Mithun,34,5,25,6.8,136.0,Right_Hand,Right-arm medium,India,7.0,312.0,16,9.17,68.14,44.57,7.0,0.0,0.12091356096907148,0.28689189319442127,1203.9027270817464,2,All-Rounder
L Ronchi,34,3,34,11.333333333333334,100.0,Right_Hand,Right-arm fast,Australia,0.0,0.0,5,0.0,0.0,0.0,4.0,0.0,0.09726507612058664,0.30000000000000004,1198.6325380602934,2,All-Rounder
D Salunkhe,33,1,24,33.0,137.5,Right_Hand,Legbreak,India,1.0,51.0,5,9.41,79.99,50.99,2.0,0.0,0.1517572797640988,0.2628950739848248,1207.326176874462,2,All-Rounder
Basil Thampi,32,2,33,16.0,96.96969696969695,Right_Hand,Right-arm fast,Unknown,22.0,539.0,25,9.6,39.18,24.5,4.0,0.0,0.09988584704397459,0.34240553885948555,1221.14569295173,2,All-Rounder
RJ Peterson,32,3,29,10.666666666666666,110.34482758620688,Left_Hand,Slow left-arm orthodox,South Africa,3.0,48.0,5,8.75,23.33,16.0,1.0,0.0,0.10452534547657646,0.2734269677454088,1188.9761566109926,2,All-Rounder
Mohammed Siraj,32,3,36,10.666666666666666,88.88888888888889,Right_Hand,Right-arm fast,Unknown,59.0,1402.0,65,8.52,33.76,23.76,21.0,0.0,0.08736059451872205,0.48863239886969667,1287.9964966942093,1,Pure Bowler
S Nadeem,32,14,77,2.2857142857142856,41.55844155844156,Right_Hand,Slow left-arm orthodox,India,48.0,1444.0,71,7.48,37.5,30.08,11.0,0.0,0.03997242713055466,0.45107683952321015,1245.5246333268824,2,All-Rounder
S Sriram,31,2,36,15.5,86.11111111111111,Left_Hand,Slow left-arm orthodox,India,0.0,18.0,2,16.33,490000.0,180000.0,0.0,0.0,0.09050178806122411,0.12474468085106384,1107.623234456144,2,All-Rounder
T Taibu,31,3,26,10.333333333333334,119.23076923076924,Right_Hand,Right-arm medium,Zimbabwea,0.0,0.0,3,0.0,0.0,0.0,1.0,0.0,0.11112630243573851,0.30000000000000004,1205.5631512178693,2,All-Rounder
M Markande,30,3,29,10.0,103.44827586206895,Right_Hand,Legbreak googly,Unknown,17.0,365.0,20,8.58,30.71,21.47,5.0,0.0,0.09799251138429044,0.32771644053573146,1212.8544759600109,2,All-Rounder
J Syed Mohammad,29,2,26,14.5,111.53846153846156,Left_Hand,Slow left-arm orthodox,India,8.0,196.0,11,8.76,35.75,24.5,1.0,0.0,0.10944928781134092,0.292506529991457,1200.977908901399,2,All-Rounder
VH Zol,29,2,26,14.5,111.53846153846156,Left_Hand,Right-arm offbreak,India,0.0,0.0,2,0.0,0.0,0.0,0.0,0.0,0.10944928781134092,0.30000000000000004,1204.7246439056705,2,All-Rounder
SB Jakati,28,2,29,14.0,96.55172413793105,Left_Hand,Slow left-arm orthodox,India,47.0,1101.0,57,8.03,31.36,23.43,19.0,0.0,0.09676270759503473,0.4448617049463409,1270.8122062706877,2,All-Rounder
JM Kemp,26,2,24,13.0,108.33333333333331,Right_Hand,Right-arm fast-medium,South Africa,3.0,47.0,5,7.4,19.33,15.67,1.0,0.0,0.10479361435959299,0.2792973840266299,1192.0454991931115,2,All-Rounder
NL McCullum,26,3,21,8.666666666666666,123.8095238095238,Right_Hand,Right-arm offbreak,New Zealand,0.0,30.0,2,7.0,350000.0,300000.0,1.0,0.0,0.11225032431630294,0.19509713228492137,1153.673728300612,2,All-Rounder
AB Dinda,26,9,47,2.888888888888889,55.319148936170215,Right_Hand,Right-arm medium-fast,India,69.0,1589.0,76,7.94,30.48,23.03,7.0,0.0,0.0508923678519635,0.5294062019926904,1290.1492849223268,1,Pure Bowler
Sandeep Sharma,26,3,38,8.666666666666666,68.42105263157895,Right_Hand,Right-arm medium,India,114.0,2399.0,104,7.62,26.72,21.04,10.0,0.0,0.06793954737394706,0.7029294538815002,1385.4345006277235,1,Pure Bowler
A Choudhary,25,2,20,12.5,125.0,Right_Hand,Left-arm fast-medium,Unknown,5.0,108.0,5,8.0,28.8,21.6,0.0,0.0,0.11742975739704455,0.28433694670488263,1200.8833520509636,2,All-Rounder
S Chanderpaul,25,3,31,8.333333333333334,80.64516129032258,Left_Hand,Legbreak,West Indies,0.0,0.0,3,0.0,0.0,0.0,0.0,0.0,0.07721103794445412,0.30000000000000004,1188.6055189722272,2,All-Rounder
KC Cariappa,24,3,21,8.0,114.28571428571428,Right_Hand,Legbreak,India,8.0,224.0,11,9.35,43.62,28.0,2.0,0.0,0.10361568398427964,0.2899396381320676,1196.7776610581736,2,All-Rounder
MA Khote,24,2,20,12.0,120.0,Right_Hand,Right-arm medium,India,2.0,30.0,3,10.4,26.0,15.0,0.0,0.0,0.11273256710116276,0.2624273500048023,1187.5799585529826,2,All-Rounder
ER Dwivedi,24,2,14,12.0,171.42857142857142,Right_Hand,None,India,0.0,0.0,2,0.0,0.0,0.0,2.0,0.0,0.1538754242440199,0.30000000000000004,1226.93771212201,2,All-Rounder
PJ Sangwan,24,7,39,3.4285714285714284,61.53846153846154,Right_Hand,Left-arm medium,India,38.0,905.0,42,8.4,33.34,23.82,8.0,0.0,0.05622307659167225,0.40882635850937454,1232.5247175505233,2,All-Rounder
BMAJ Mendis,23,3,27,7.666666666666667,85.18518518518519,Left_Hand,Right-arm offbreak,Sri Lanka,1.0,30.0,3,7.2,36.0,30.0,2.0,0.0,0.07982746434736854,0.27251312921146686,1176.1702967794176,2,All-Rounder
J Arunkumar,23,3,23,7.666666666666667,100.0,Right_Hand,Right-arm offbreak,India,0.0,0.0,3,0.0,0.0,0.0,0.0,0.0,0.09167931619922039,0.30000000000000004,1195.8396580996102,2,All-Rounder
NS Naik,23,2,31,11.5,74.19354838709677,Right_Hand,None,India,0.0,0.0,4,0.0,0.0,0.0,3.0,0.0,0.07539021551495839,0.30000000000000004,1187.6951077574793,2,All-Rounder
SW Tait,23,3,26,7.666666666666667,88.46153846153845,Right_Hand,Right-arm fast,Australia,23.0,534.0,21,7.51,29.04,23.22,5.0,0.0,0.08244854696845114,0.35531978944005504,1218.884168204253,2,All-Rounder
MS Wade,22,3,33,7.333333333333333,66.66666666666666,Left_Hand,Right-arm medium,Australia,0.0,0.0,13,0.0,0.0,0.0,7.0,1.0,0.06450485317606584,0.30000000000000004,1182.252426588033,2,All-Rounder
GB Hogg,22,2,22,11.0,100.0,Left_Hand,Slow left-arm chinaman,Australia,23.0,466.0,21,7.53,25.43,20.26,4.0,0.0,0.0953381865093992,0.3552336010034223,1225.2858937564108,2,All-Rounder
YS Chahal,22,4,48,5.5,45.83333333333333,Right_Hand,Legbreak googly,India,166.0,2940.0,130,7.55,22.28,17.71,21.0,0.0,0.045754853176065854,0.9021418502135747,1473.9483516948203,1,Pure Bowler
CA Ingram,21,2,26,10.5,80.76923076923077,Left_Hand,Legbreak,South Africa,0.0,0.0,15,0.0,0.0,0.0,1.0,0.0,0.07925638082890202,0.30000000000000004,1189.628190414451,2,All-Rounder
DE Bollinger,21,1,22,21.0,95.45454545454544,Left_Hand,Left-arm fast-medium,Australia,37.0,600.0,27,7.16,19.35,16.22,6.0,0.0,0.10293645075897194,0.4103955028409234,1256.6659767999477,2,All-Rounder
RR Raje,20,1,18,20.0,111.11111111111111,Right_Hand,Right-arm fast-medium,India,6.0,144.0,10,8.92,35.67,24.0,3.0,0.0,0.1141963311701609,0.28416062161477684,1199.1784763924688,2,All-Rounder
M Muralitharan,20,6,29,3.333333333333333,68.96551724137932,Right_Hand,Right-arm offbreak,Sri Lanka,64.0,1581.0,66,6.7,27.58,24.7,14.0,0.0,0.061540462134981516,0.5156724403016838,1288.6064512183327,1,Pure Bowler
AC Thomas,20,2,19,10.0,105.26315789473684,Right_Hand,Right-arm fast-medium,England,14.0,327.0,15,7.63,29.71,23.36,3.0,0.0,0.0981543322334251,0.32037167824823204,1209.2630052408285,2,All-Rounder
Imran Tahir,20,4,27,5.0,74.07407407407408,Right_Hand,Legbreak googly,India,82.0,1340.0,59,7.74,21.09,16.34,8.0,0.0,0.06752124699507671,0.5800045410387064,1323.7628940168916,1,Pure Bowler
NJ Maddinson,20,3,21,6.666666666666667,95.23809523809524,Left_Hand,Slow left-arm orthodox,Australia,0.0,0.0,3,0.0,0.0,0.0,1.0,0.0,0.08634640332023302,0.30000000000000004,1193.1732016601165,2,All-Rounder
Harpreet Singh,20,2,26,10.0,76.92307692307693,Left_Hand,Right-arm medium,India,0.0,0.0,3,0.0,0.0,0.0,2.0,0.0,0.07548226745609718,0.30000000000000004,1187.7411337280487,2,All-Rounder
R Shukla,19,2,23,9.5,82.6086956521739,Right_Hand,Right-arm medium,India,5.0,130.0,7,10.02,43.4,26.0,3.0,0.0,0.07933357214349296,0.2755512316262517,1177.4424018848724,2,All-Rounder
DR Martyn,19,2,24,9.5,79.16666666666666,Right_Hand,Right-arm medium,Australia,0.0,0.0,1,0.0,0.0,0.0,0.0,0.0,0.07657994895508718,0.30000000000000004,1188.2899744775436,2,All-Rounder
R Bishnoi,19,3,17,6.333333333333333,111.76470588235294,Right_Hand,Right-arm medium-fast,India,0.0,0.0,3,0.0,0.0,0.0,1.0,0.0,0.09905989547915135,0.30000000000000004,1199.5299477395756,2,All-Rounder
P Sahu,19,0,13,19.0,146.15384615384613,Right_Hand,Legbreak googly,India,3.0,107.0,5,8.52,50.66,35.67,0.0,0.0,0.1409651470902853,0.2744211528517918,1207.6931499710386,2,All-Rounder
A Mukund,19,2,22,9.5,86.36363636363636,Right_Hand,Legbreak googly,India,0.0,0.0,2,0.0,0.0,0.0,3.0,0.0,0.08233752471266292,0.30000000000000004,1191.1687623563314,2,All-Rounder
Y Gnaneswara Rao,19,1,17,19.0,111.76470588235294,Right_Hand,Right-arm medium,India,0.0,6.0,2,7.0,70000.0,60000.0,2.0,0.0,0.11345383487309074,0.25467160037002773,1184.0627176215592,2,All-Rounder
Vishnu Vinod,19,3,26,6.333333333333333,73.07692307692307,Right_Hand,None,Unknown,0.0,0.0,3,0.0,0.0,0.0,0.0,2.0,0.06810966923480745,0.30000000000000004,1184.0548346174037,2,All-Rounder
JJ van der Wath,18,2,16,9.0,112.5,Right_Hand,Right-arm medium-fast,South Africa,3.0,76.0,3,10.58,44.67,25.33,0.0,0.0,0.10254942532587207,0.26546590558074645,1184.0076654533093,2,All-Rounder
Harmeet Singh,18,2,12,9.0,150.0,Left_Hand,Slow left-arm orthodox,India,27.0,574.0,28,7.81,27.67,21.26,3.0,0.0,0.13254942532587205,0.3693162795514172,1250.9328524386447,2,All-Rounder
BJ Haddin,18,1,11,18.0,163.63636363636363,Right_Hand,None,Australia,0.0,0.0,1,0.0,0.0,0.0,0.0,0.0,0.1536857889622357,0.30000000000000004,1226.8428944811178,2,All-Rounder
PV Tambe,18,1,39,18.0,46.15384615384615,Right_Hand,Legbreak,India,28.0,674.0,33,7.71,30.93,24.07,1.0,0.0,0.059699774976221726,0.3735755051551134,1216.6376400656675,2,All-Rounder
DS Lehmann,18,2,18,9.0,100.0,Left_Hand,Slow left-arm orthodox,Australia,0.0,0.0,2,0.0,0.0,0.0,0.0,0.0,0.09254942532587207,0.30000000000000004,1196.274712662936,2,All-Rounder
Parvez Rasool,17,2,20,8.5,85.0,Right_Hand,Right-arm offbreak,India,4.0,200.0,11,8.19,68.25,50.0,3.0,0.0,0.07985223502999028,0.2796773295193178,1179.764782274654,2,All-Rounder
AS Rajpoot,17,3,30,5.666666666666667,56.66666666666666,Right_Hand,Right-arm medium,India,24.0,567.0,29,8.93,35.17,23.62,3.0,0.0,0.053965871393626644,0.35296970875327943,1203.467790073453,2,All-Rounder
PP Ojha,16,10,44,1.6,36.36363636363637,Left_Hand,Slow left-arm orthodox,India,89.0,1945.0,90,7.4,26.96,21.85,14.0,0.0,0.032973226552290326,0.6082575092562543,1320.6153679042723,1,Pure Bowler
CK Kapugedera,16,3,23,5.333333333333333,69.56521739130434,Right_Hand,Right-arm medium,Sri Lanka,0.0,17.0,4,17.29,490000.0,170000.0,4.0,0.0,0.06377691561684895,0.12057076780758558,1092.1738417122174,2,All-Rounder
SA Abbott,15,1,13,15.0,115.38461538461536,Right_Hand,Right-arm fast-medium,New Zealand,1.0,59.0,3,10.58,103.99,58.99,0.0,0.0,0.11128827401864629,0.257803011080107,1184.5456425493767,2,All-Rounder
C Madan,15,1,19,15.0,78.94736842105263,Right_Hand,None,India,0.0,0.0,1,0.0,0.0,0.0,0.0,0.0,0.0821384764477961,0.30000000000000004,1191.069238223898,2,All-Rounder
GR Napier,15,1,16,15.0,93.75,Right_Hand,Right-arm medium,England,1.0,24.0,1,7.0,28.0,24.0,0.0,0.0,0.093980581710954,0.2733843965565177,1183.6824891337358,2,All-Rounder
VY Mahesh,15,2,26,7.5,57.692307692307686,Right_Hand,Right-arm medium-fast,India,21.0,359.0,17,8.54,24.33,17.1,6.0,0.0,0.05661170059207288,0.34319225747410564,1199.9019790330892,2,All-Rounder
RD Chahar,15,2,13,7.5,115.38461538461536,Right_Hand,Legbreak googly,Unknown,57.0,1207.0,54,7.44,26.26,21.18,14.0,0.0,0.10276554674591902,0.48567937356424684,1294.222460155083,1,Pure Bowler
SD Lad,15,1,13,15.0,115.38461538461536,Right_Hand,None,Unknown,0.0,0.0,1,0.0,0.0,0.0,0.0,0.0,0.11128827401864629,0.30000000000000004,1205.6441370093232,2,All-Rounder
F Behardien,14,2,13,7.0,107.6923076923077,Right_Hand,Right-arm fast-medium,South Africa,0.0,0.0,3,0.0,0.0,0.0,1.0,0.0,0.0959145102961911,0.30000000000000004,1197.9572551480956,2,All-Rounder
MDKJ Perera,14,2,13,7.0,107.6923076923077,Left_Hand,None,Sri Lanka,0.0,0.0,2,0.0,0.0,0.0,0.0,0.0,0.0959145102961911,0.30000000000000004,1197.9572551480956,2,All-Rounder
S Badree,13,5,23,2.6,56.52173913043478,Right_Hand,Legbreak,West Indies,11.0,263.0,12,7.51,29.91,23.91,2.0,0.0,0.049849046968992804,0.30941796498940977,1179.6335059792013,2,All-Rounder
DT Patil,13,1,13,13.0,100.0,Right_Hand,None,India,0.0,0.0,2,0.0,0.0,0.0,2.0,0.0,0.0964498374828268,0.30000000000000004,1198.2249187414134,2,All-Rounder
KJ Abbott,13,1,8,13.0,162.5,Right_Hand,Right-arm fast-medium,South Africa,2.0,102.0,5,10.71,91.0,51.0,0.0,0.0,0.1464498374828268,0.2610656941306117,1203.7577658067194,2,All-Rounder
Swapnil Singh,12,3,20,4.0,60.0,Right_Hand,Slow left-arm orthodox,India,1.0,61.0,5,8.85,89.99,60.99,0.0,0.0,0.05409355627785411,0.265327728933946,1159.7106426059001,2,All-Rounder
T Thushara,12,2,18,6.0,66.66666666666666,Left_Hand,Left-arm fast-medium,Sri Lanka,8.0,144.0,6,6.83,20.5,18.0,3.0,0.0,0.061699616883914704,0.3009010790201342,1181.3003479520244,2,All-Rounder
TA Boult,12,2,14,6.0,85.71428571428571,Right_Hand,Left-arm fast-medium,New Zealand,92.0,1860.0,78,8.14,27.41,20.22,24.0,0.0,0.07693771212200995,0.6165154320432912,1346.7265720826506,1,Pure Bowler
DAJ Bracewell,12,0,9,12.0,133.33333333333331,Right_Hand,Right-arm fast-medium,New Zealand,3.0,25.0,1,7.68,10.67,8.33,1.0,0.0,0.12185113203542984,0.27808183527547353,1199.9664836554516,2,All-Rounder
AR Bawne,12,0,12,12.0,100.0,Right_Hand,None,Unknown,0.0,0.0,1,0.0,0.0,0.0,0.0,0.0,0.09518446536876321,0.30000000000000004,1197.5922326843815,2,All-Rounder
AA Chavan,12,1,11,12.0,109.09090909090908,Right_Hand,Slow left-arm orthodox,India,8.0,255.0,13,7.98,42.37,31.87,3.0,0.0,0.10245719264149047,0.29589642582864484,1199.1768092350676,2,All-Rounder
Karanveer Singh,12,1,17,12.0,70.58823529411765,Right_Hand,Legbreak googly,India,12.0,213.0,9,9.1,26.92,17.75,2.0,0.0,0.07165505360405733,0.3063306942933835,1188.9928739487204,2,All-Rounder
K Upadhyay,12,0,9,12.0,133.33333333333331,Right_Hand,Right-arm medium,India,0.0,56.0,3,8.68,810000.0,560000.0,1.0,0.0,0.12185113203542984,0.08992044403330249,1105.8857880343662,2,All-Rounder
S Kaul,12,3,28,4.0,42.85714285714285,Right_Hand,Right-arm medium,India,58.0,1238.0,55,8.59,30.55,21.34,8.0,0.0,0.04037927056356839,0.48450359741031124,1262.4414339869397,1,Pure Bowler
M Ntini,11,1,18,11.0,61.11111111111112,Right_Hand,Right-arm fast,South Africa,7.0,213.0,9,7.24,36.71,30.43,1.0,0.0,0.06280798214358849,0.2952898847762899,1179.0489334599392,2,All-Rounder
BB Sran,11,1,14,11.0,78.57142857142857,Left_Hand,Left-arm medium,India,18.0,516.0,24,8.92,42.61,28.67,4.0,0.0,0.07677623611184245,0.33006078436329445,1203.4185102375684,2,All-Rounder
T Henderson,11,1,16,11.0,68.75,Right_Hand,Right-arm fast-medium,South Africa,1.0,36.0,2,6.83,41.0,36.0,0.0,0.0,0.0689190932546996,0.27412076103385347,1171.5199271442766,2,All-Rounder
T Kohli,11,3,19,3.6666666666666665,57.89473684210527,Right_Hand,Right-arm medium,India,0.0,0.0,3,0.0,0.0,0.0,5.0,0.0,0.051901549395050484,0.30000000000000004,1175.9507746975253,2,All-Rounder
DNT Zoysa,11,1,9,11.0,122.22222222222224,Left_Hand,Left-arm fast-medium,Sri Lanka,2.0,69.0,3,8.7,50.0,34.5,0.0,0.0,0.11169687103247739,0.2698135479696496,1190.7552095010635,2,All-Rounder
X Thalaivan Sargunam,10,1,17,10.0,58.82352941176471,Right_Hand,Right-arm offbreak,India,0.0,0.0,1,0.0,0.0,0.0,0.0,0.0,0.05971254467004777,0.30000000000000004,1179.856272335024,2,All-Rounder
J Theron,10,2,12,5.0,83.33333333333334,Right_Hand,Right-arm medium-fast,South Africa,11.0,235.0,10,7.94,28.27,21.36,1.0,0.0,0.07363856962548448,0.30754874870818866,1190.5936591668365,2,All-Rounder
AG Murtaza,10,1,14,10.0,71.42857142857143,Left_Hand,Slow left-arm orthodox,India,9.0,269.0,12,7.18,35.78,29.89,3.0,0.0,0.06979657828349314,0.30320122543789146,1186.4989018606923,2,All-Rounder
TD Paine,10,2,26,5.0,38.46153846153847,Right_Hand,Right-arm medium,Australia,0.0,0.0,2,0.0,0.0,0.0,0.0,0.0,0.03774113372804859,0.30000000000000004,1168.8705668640243,2,All-Rounder
KAJ Roach,10,1,9,10.0,111.11111111111111,Right_Hand,Right-arm fast,West Indies,0.0,52.0,2,9.23,800000.0,520000.0,1.0,0.0,0.1015426100295249,0.08965679925994448,1095.5997046447346,2,All-Rounder
SMSM Senanayake,10,1,17,10.0,58.82352941176471,Right_Hand,Right-arm offbreak,Sri Lanka,9.0,195.0,8,6.49,23.44,21.67,2.0,0.0,0.05971254467004777,0.3062038509698063,1182.9581978199271,2,All-Rounder
D du Preez,10,1,13,10.0,76.92307692307693,Right_Hand,Right-arm fast-medium,South Africa,4.0,43.0,2,7.81,14.0,10.75,0.0,0.0,0.07419218267909755,0.28134104598555276,1177.7666143323252,2,All-Rounder
AA Noffke,9,1,10,9.0,90.0,Right_Hand,Right-arm fast-medium,Australia,1.0,25.0,1,9.84,41.0,25.0,0.0,0.0,0.08338834902657238,0.26103380451211433,1172.2110767693434,2,All-Rounder
SM Harwood,9,0,13,9.0,69.23076923076923,Right_Hand,Right-arm fast-medium,Australia,3.0,67.0,3,6.63,24.67,22.33,2.0,0.0,0.06677296441118778,0.28264407394337365,1174.7085191772808,2,All-Rounder
Jaskaran Singh,8,2,11,4.0,72.72727272727273,Right_Hand,Right-arm medium,India,6.0,111.0,7,9.41,29.0,18.5,0.0,0.0,0.06375934054887245,0.2820316059811043,1172.8954732649884,2,All-Rounder
CJ McKay,8,1,15,8.0,53.333333333333336,Right_Hand,Right-arm fast-medium,Australia,1.0,42.0,2,8.57,59.99,42.0,0.0,0.0,0.05278964357917547,0.26655150321701726,1159.6705733980964,2,All-Rounder
TS Mills,8,3,11,2.6666666666666665,72.72727272727273,Right_Hand,Left-arm fast,Unknown,11.0,218.0,10,9.61,31.73,19.82,1.0,0.0,0.06224418903372093,0.3002871429727585,1181.2656660032396,2,All-Rounder
P Chopra,8,1,6,8.0,133.33333333333331,Right_Hand,None,Unknown,0.0,0.0,1,0.0,0.0,0.0,1.0,0.0,0.11678964357917544,0.30000000000000004,1208.3948217895877,2,All-Rounder
TM Srivastava,8,1,11,8.0,72.72727272727273,Left_Hand,Right-arm medium,India,0.0,0.0,3,0.0,0.0,0.0,2.0,0.0,0.06830479509432699,0.30000000000000004,1184.1523975471634,2,All-Rounder
CK Langeveldt,8,2,9,4.0,88.88888888888889,Right_Hand,Right-arm fast-medium,England,13.0,165.0,7,7.24,15.31,12.69,0.0,0.0,0.07668863347816536,0.31824525763991046,1197.4669455590379,2,All-Rounder
UA Birla,7,1,14,7.0,50.0,Right_Hand,Right-arm medium,India,0.0,0.0,1,0.0,0.0,0.0,1.0,0.0,0.048857604798445205,0.30000000000000004,1174.4288023992226,2,All-Rounder
VS Malik,7,1,7,7.0,100.0,Right_Hand,Right-arm medium,India,6.0,212.0,13,7.58,44.67,35.33,2.0,0.0,0.0888576047984452,0.2899847936776816,1189.4211992380633,2,All-Rounder
Pankaj Singh,7,2,12,3.5,58.333333333333336,Right_Hand,Right-arm medium-fast,India,11.0,311.0,17,9.11,42.91,28.27,2.0,0.0,0.051546998737839134,0.3024586772928325,1177.0028380153358,2,All-Rounder
AF Milne,7,3,12,2.333333333333333,58.333333333333336,Right_Hand,Right-arm fast,New Zealand,7.0,217.0,10,9.37,48.43,31.0,7.0,0.0,0.050221241162081556,0.2860265215940513,1168.1238813780665,2,All-Rounder
AN Ghosh,7,2,8,3.5,87.5,Right_Hand,Right-arm medium,India,0.0,0.0,2,0.0,0.0,0.0,1.0,0.0,0.07488033207117248,0.30000000000000004,1187.4401660355863,2,All-Rounder
Ankit Soni,7,2,8,3.5,87.5,Right_Hand,Legbreak,Unknown,2.0,112.0,6,7.77,72.5,56.0,1.0,0.0,0.07488033207117248,0.27385223899647665,1174.3662855338246,2,All-Rounder
I Malhotra,7,0,4,7.0,175.0,Right_Hand,Right-arm medium-fast,India,0.0,6.0,1,23.0,230000.0,60000.0,0.0,0.0,0.14885760479844523,0.15106382978723404,1149.9607172928397,2,All-Rounder
DM Bravo,6,0,5,6.0,120.0,Left_Hand,None,Unknown,0.0,0.0,1,0.0,0.0,0.0,0.0,0.0,0.1035922326843816,0.30000000000000004,1201.7961163421908,2,All-Rounder
SS Shaikh,6,0,7,6.0,85.71428571428571,Right_Hand,Right-arm medium,India,0.0,0.0,1,0.0,0.0,0.0,2.0,0.0,0.07616366125581017,0.30000000000000004,1188.0818306279052,2,All-Rounder
SB Joshi,6,2,14,3.0,42.85714285714285,Left_Hand,Slow left-arm orthodox,India,1.0,55.0,4,8.95,81.99,54.99,0.0,0.0,0.03846885606100497,0.26489464845290994,1151.6817522569575,2,All-Rounder
J Yadav,6,0,10,6.0,60.0,Right_Hand,Right-arm offbreak,India,8.0,374.0,19,6.75,52.62,46.75,5.0,0.0,0.0555922326843816,0.3012420710645375,1178.4171518744595,2,All-Rounder
BA Bhatt,6,0,7,6.0,85.71428571428571,Left_Hand,Slow left-arm orthodox,India,12.0,303.0,15,8.08,34.0,25.25,0.0,0.0,0.07616366125581017,0.31076397051910043,1193.4638158874554,2,All-Rounder
PSP Handscomb,6,1,12,6.0,50.0,Right_Hand,None,Australia,0.0,0.0,1,0.0,0.0,0.0,0.0,0.0,0.047592232684381605,0.30000000000000004,1173.7961163421908,2,All-Rounder
B Stanlake,5,0,2,5.0,250.0,Right_Hand,Right-arm fast,Unknown,7.0,150.0,6,8.0,28.57,21.43,1.0,0.0,0.20632686057031802,0.29198726886509657,1249.1570647177073,2,All-Rounder
A Zampa,5,2,8,2.5,62.5,Right_Hand,Legbreak googly,Australia,21.0,292.0,14,7.66,17.76,13.9,1.0,0.0,0.053485951479408905,0.34701974230296784,1200.2528468911885,2,All-Rounder
Shivam Sharma,5,1,3,5.0,166.66666666666669,Right_Hand,Right-arm offbreak,India,4.0,114.0,5,8.68,41.25,28.5,1.0,0.0,0.13966019390365136,0.27755263941756014,1208.6064166606056,2,All-Rounder
SJ Srivastava,5,1,5,5.0,100.0,Right_Hand,Left-arm fast-medium,India,14.0,306.0,14,8.71,31.71,21.86,2.0,0.0,0.086326860570318,0.31567560054240407,1201.001230556361,2,All-Rounder
P Awana,5,3,14,1.6666666666666667,35.714285714285715,Right_Hand,Right-arm medium,India,39.0,774.0,33,8.11,26.82,19.85,4.0,0.0,0.031110410353867787,0.4139137519206564,1222.5120811372622,2,All-Rounder
KMDN Kulasekara,5,0,2,5.0,250.0,Right_Hand,Right-arm fast-medium,Sri Lanka,5.0,107.0,5,6.84,24.4,21.4,3.0,0.0,0.20632686057031802,0.289381361135965,1247.8541108531415,2,All-Rounder
B Laughlin,5,2,13,2.5,38.46153846153847,Right_Hand,Right-arm fast-medium,Australia,10.0,179.0,9,9.52,28.4,17.9,1.0,0.0,0.03425518224863968,0.29685401921920096,1165.5546007339203,2,All-Rounder
DP Nannes,4,1,13,4.0,30.76923076923077,Right_Hand,Left-arm fast,Australia,28.0,689.0,29,7.1,29.11,24.61,8.0,0.0,0.029676873071639017,0.37622806630219946,1202.9524696869194,2,All-Rounder
A Uniyal,4,1,7,4.0,57.14285714285714,Right_Hand,Left-arm medium,India,2.0,38.0,2,10.58,33.5,19.0,0.0,0.0,0.05077577417054011,0.26164314556446927,1156.2094598675046,2,All-Rounder
FH Edwards,4,1,5,4.0,80.0,Right_Hand,Right-arm fast,West Indies,5.0,150.0,6,6.4,32.0,30.0,0.0,0.0,0.0690614884562544,0.29129278759294924,1180.1771380246018,2,All-Rounder
A Chandila,4,1,7,4.0,57.14285714285714,Right_Hand,Right-arm offbreak,India,11.0,234.0,12,6.28,22.27,21.27,2.0,0.0,0.05077577417054011,0.3147674166082811,1182.7715953894105,2,All-Rounder
A Dananjaya,4,0,5,4.0,80.0,Right_Hand,Right-arm offbreak,Unknown,0.0,25.0,1,11.28,470000.0,250000.0,0.0,0.0,0.0690614884562544,0.15095652173913043,1110.0090050976924,2,All-Rounder
CRD Fernando,4,1,3,4.0,133.33333333333331,Right_Hand,Right-arm fast-medium,Sri Lanka,17.0,249.0,10,7.37,18.0,14.65,2.0,0.0,0.11172815512292104,0.332980014356268,1222.3540847395946,2,All-Rounder
GD McGrath,4,1,5,4.0,80.0,Right_Hand,Right-arm fast-medium,Australia,12.0,329.0,14,6.67,30.5,27.42,2.0,0.0,0.0690614884562544,0.3168951499825602,1192.9783192194072,2,All-Rounder
M Ashwin,4,3,8,1.3333333333333333,50.0,Right_Hand,Legbreak googly,India,35.0,873.0,42,7.76,32.26,24.94,7.0,0.0,0.04203118542595138,0.4001337871561952,1221.0824862910733,2,All-Rounder
Avesh Khan,4,0,3,4.0,133.33333333333331,Right_Hand,Right-arm fast-medium,Unknown,47.0,868.0,38,8.23,25.32,18.47,6.0,0.0,0.11172815512292104,0.4439934248353326,1277.8607899791268,2,All-Rounder
RS Sodhi,4,0,2,4.0,200.0,Right_Hand,Right-arm medium,India,0.0,0.0,1,0.0,0.0,0.0,2.0,0.0,0.16506148845625443,0.30000000000000004,1232.5307442281273,2,All-Rounder
VRV Singh,4,1,2,4.0,200.0,Right_Hand,Right-arm medium-fast,India,12.0,371.0,18,8.88,45.75,30.92,3.0,0.0,0.16506148845625443,0.3072832096495352,1236.1723490528948,2,All-Rounder
CJ Jordan,3,1,5,3.0,60.0,Right_Hand,Right-arm fast-medium,England,27.0,577.0,28,9.05,32.22,21.37,13.0,0.0,0.0517961163421908,0.3639240071184847,1207.8600617303377,2,All-Rounder
S Tyagi,3,0,4,3.0,75.0,Right_Hand,Right-arm medium,India,6.0,220.0,14,8.29,50.67,36.67,3.0,0.0,0.06379611634219079,0.2868965605601978,1175.3463384511942,2,All-Rounder
R Ninan,3,1,6,3.0,50.0,Right_Hand,Right-arm offbreak,India,3.0,36.0,2,10.83,21.67,12.0,1.0,0.0,0.043796116342190806,0.26438384267602855,1154.0899795091098,2,All-Rounder
D Kalyankrishna,3,1,7,3.0,42.85714285714285,Right_Hand,Right-arm medium-fast,India,2.0,50.0,3,10.56,44.0,25.0,1.0,0.0,0.03808183062790508,0.26172786804365517,1149.9048493357802,2,All-Rounder
JE Taylor,3,0,3,3.0,100.0,Right_Hand,Right-arm fast,New Zealand,6.0,122.0,5,8.21,27.83,20.33,0.0,0.0,0.08379611634219081,0.28724924622162235,1185.5226812819067,2,All-Rounder
BAW Mendis,3,2,6,1.5,50.0,Right_Hand,Right-arm offbreak,Sri Lanka,8.0,248.0,10,7.4,38.25,31.0,1.0,0.0,0.04209157088764535,0.2984190415548243,1170.2553062212348,2,All-Rounder
Mohammad Asif,3,2,6,1.5,50.0,Left_Hand,Right-arm fast-medium,Pakistan,8.0,199.0,8,9.26,38.37,24.87,0.0,0.0,0.04209157088764535,0.29033205950117025,1166.2118151944078,2,All-Rounder
Kamran Khan,3,1,5,3.0,60.0,Left_Hand,Left-arm medium-fast,India,10.0,177.0,9,8.41,24.8,17.7,4.0,0.0,0.0517961163421908,0.3016808721331696,1176.7384942376802,2,All-Rounder
Younis Khan,3,1,7,3.0,42.85714285714285,Right_Hand,Right-arm medium,Pakistan,0.0,0.0,1,0.0,0.0,0.0,1.0,0.0,0.03808183062790508,0.30000000000000004,1169.0409153139526,2,All-Rounder
KP Appanna,2,1,3,2.0,66.66666666666666,Right_Hand,Slow left-arm orthodox,India,9.0,222.0,13,7.86,32.33,24.67,3.0,0.0,0.05586407756146052,0.3002454377413142,1178.0547576513873,2,All-Rounder
RS Gavaskar,2,1,8,2.0,25.0,Left_Hand,Slow left-arm orthodox,India,0.0,6.0,2,8.0,80000.0,60000.0,0.0,0.0,0.022530744228127203,0.24819611470860314,1135.3634294683652,2,All-Rounder
SB Wagh,2,2,3,1.0,66.66666666666666,Left_Hand,Left-arm medium-fast,India,5.0,108.0,8,8.17,29.4,21.6,1.0,0.0,0.054727713925096885,0.2835976886105256,1169.1627012678114,2,All-Rounder
Mohammad Ashraful,2,1,10,2.0,20.0,Right_Hand,Right-arm offbreak,Bangladesh,0.0,0.0,1,0.0,0.0,0.0,2.0,0.0,0.0185307442281272,0.30000000000000004,1159.2653721140637,2,All-Rounder
Mashrafe Mortaza,2,0,2,2.0,100.0,Right_Hand,Right-arm fast-medium,Bangladesh,0.0,28.0,1,12.64,590000.0,280000.0,0.0,0.0,0.08253074422812721,0.11951156336725252,1101.0211537976897,2,All-Rounder
S Randiv,2,1,4,2.0,50.0,Right_Hand,Right-arm offbreak,Sri Lanka,6.0,180.0,8,7.43,37.17,30.0,2.0,0.0,0.04253074422812721,0.2906385633354059,1166.5846537817665,2,All-Rounder
Shoaib Akhtar,2,1,7,2.0,28.57142857142857,Right_Hand,Right-arm fast,Pakistan,5.0,46.0,3,7.04,10.8,9.2,0.0,0.0,0.025387887085270056,0.28851468953559495,1156.9512883104326,2,All-Rounder
RG More,2,0,2,2.0,100.0,Right_Hand,Right-arm medium,India,1.0,37.0,2,10.22,62.99,37.0,1.0,0.0,0.08253074422812721,0.2593769518756667,1170.953848051897,2,All-Rounder
A Singh,2,4,10,0.5,20.0,Right_Hand,Right-arm medium-fast,India,28.0,486.0,23,7.89,22.82,17.36,1.0,0.0,0.016826198773581744,0.37279462199137614,1194.810410382479,2,All-Rounder
VS Yeligati,2,1,2,2.0,100.0,Right_Hand,Right-arm offbreak,India,0.0,32.0,2,11.44,610000.0,320000.0,0.0,0.0,0.08253074422812721,0.12047363552266419,1101.5021898753957,2,All-Rounder
H Das,2,1,5,2.0,40.0,Right_Hand,None,India,0.0,0.0,1,0.0,0.0,0.0,0.0,0.0,0.0345307442281272,0.30000000000000004,1167.2653721140637,2,All-Rounder
SE Bond,1,1,2,1.0,50.0,Right_Hand,Right-arm fast,New Zealand,9.0,191.0,8,7.07,25.0,21.22,0.0,0.0,0.04126537211406361,0.303681779924478,1172.4735760192707,2,All-Rounder
PM Sarvesh Kumar,1,0,2,1.0,50.0,Right_Hand,Right-arm medium,India,1.0,31.0,2,8.13,42.0,31.0,0.0,0.0,0.04126537211406361,0.2684683743548526,1154.8668732344581,2,All-Rounder
Shoaib Ahmed,1,2,6,0.5,16.666666666666664,Right_Hand,Right-arm fast-medium,Pakistan,5.0,103.0,7,8.97,30.8,20.6,4.0,0.0,0.014030523629215112,0.2801191298686199,1147.0748267489175,2,All-Rounder
Mustafizur Rahman,1,1,3,1.0,33.33333333333333,Left_Hand,Left-arm fast-medium,Bangladesh,46.0,1086.0,46,7.67,30.2,23.61,4.0,0.0,0.02793203878073026,0.442602032534134,1235.2670356574322,2,All-Rounder
LH Ferguson,1,0,1,1.0,100.0,Right_Hand,Right-arm fast-medium,Unknown,38.0,805.0,35,8.15,28.76,21.18,5.0,0.0,0.08126537211406361,0.4099142894991988,1245.5898308066312,2,All-Rounder
BE Hendricks,1,1,3,1.0,33.33333333333333,Left_Hand,Left-arm fast-medium,South Africa,9.0,157.0,7,9.13,26.56,17.44,3.0,0.0,0.02793203878073026,0.2947249262704539,1161.328482525592,2,All-Rounder
P Parameswaran,1,0,2,1.0,50.0,Right_Hand,Left-arm medium,India,9.0,159.0,8,8.53,25.11,17.67,0.0,0.0,0.04126537211406361,0.2973339304332661,1169.299651273665,2,All-Rounder
DP Vijaykumar,1,0,1,1.0,100.0,Right_Hand,Right-arm medium,India,4.0,159.0,9,7.74,51.25,39.75,0.0,0.0,0.08126537211406361,0.2816374682797248,1181.451420196894,2,All-Rounder
DJ Muthuswami,1,1,3,1.0,33.33333333333333,Right_Hand,Right-arm medium,India,4.0,84.0,6,7.71,27.0,21.0,0.0,0.0,0.02793203878073026,0.2817730626368016,1154.8525507087659,2,All-Rounder
NJ Rimmington,1,0,1,1.0,100.0,Right_Hand,Right-arm fast-medium,Australia,0.0,18.0,1,6.67,200000.0,180000.0,0.0,0.0,0.08126537211406361,0.2284468085106383,1154.856090312351,2,All-Rounder
M de Lange,1,1,2,1.0,50.0,Right_Hand,Right-arm fast,South Africa,5.0,116.0,5,8.84,34.2,23.2,0.0,0.0,0.04126537211406361,0.280683623855669,1160.9744979848663,2,All-Rounder
C Nanda,0,1,1,0.0,0.0,Right_Hand,Legbreak,India,2.0,50.0,3,6.96,29.0,25.0,0.0,0.0,0.0,0.27738323344606036,1138.6916167230302,2,All-Rounder
YA Abdulla,0,0,1,0.0,0.0,Left_Hand,Left-arm fast-medium,India,15.0,222.0,11,8.41,20.73,14.8,0.0,0.0,0.0,0.3208074211507257,1160.4037105753628,2,All-Rounder
U Kaul,0,0,1,0.0,0.0,Left_Hand,None,India,0.0,0.0,1,0.0,0.0,0.0,2.0,0.0,0.0,0.30000000000000004,1150.0,2,All-Rounder
S Lamichhane,0,1,1,0.0,0.0,Right_Hand,Legbreak googly,Unknown,13.0,211.0,9,8.45,22.85,16.23,1.0,0.0,0.0,0.31298278381937394,1156.491391909687,2,All-Rounder
RR Bhatkal,0,2,2,0.0,0.0,Right_Hand,Right-arm medium,India,0.0,12.0,1,17.5,350000.0,120000.0,1.0,0.0,0.0,0.14944495837187788,1074.722479185939,2,All-Rounder
IC Pandey,0,1,2,0.0,0.0,Right_Hand,Right-arm medium,India,18.0,469.0,24,7.79,33.83,26.06,6.0,0.0,0.0,0.3349756959266617,1167.4878479633308,2,All-Rounder
L Ablish,0,0,2,0.0,0.0,Right_Hand,Right-arm medium-fast,India,3.0,45.0,3,10.13,25.33,15.0,0.0,0.0,0.0,0.2674265422134939,1133.713271106747,2,All-Rounder
Abdur Razzak,0,0,2,0.0,0.0,Left_Hand,Slow left-arm orthodox,Bangladesh,0.0,14.0,1,12.43,290000.0,140000.0,0.0,0.0,0.0,0.184254394079556,1092.127197039778,2,All-Rounder
Sunny Gupta,0,1,1,0.0,0.0,Right_Hand,Right-arm offbreak,India,0.0,19.0,1,14.84,470000.0,190000.0,0.0,0.0,0.0,0.13547826086956521,1067.7391304347825,2,All-Rounder
ND Doshi,0,1,13,0.0,0.0,Right_Hand,Slow left-arm orthodox,India,2.0,57.0,4,8.32,39.5,28.5,0.0,0.0,0.0,0.2714679559252463,1135.7339779626232,2,All-Rounder
S Ladda,0,2,9,0.0,0.0,Right_Hand,Legbreak,India,5.0,141.0,9,9.57,45.0,28.2,1.0,0.0,0.0,0.27750741293985026,1138.7537064699252,2,All-Rounder
V Pratap Singh,0,1,1,0.0,0.0,Right_Hand,Right-arm medium,India,10.0,211.0,9,8.53,30.0,21.1,0.0,0.0,0.0,0.30115802661975605,1150.579013309878,2,All-Rounder
S Kaushik,0,1,1,0.0,0.0,Right_Hand,Slow left-arm chinaman,India,6.0,210.0,10,8.69,50.67,35.0,0.0,0.0,0.0,0.28515743012541517,1142.5787150627075,2,All-Rounder
